source_opentripmap_id,location_name,normalized_name,city,country,category_raw,latitude,longitude,opentripmap_rate,popularity_score,source_wikidata_id,source_osm_id,data_source
W23914146,Fountain of the Naiads,fountain of the naiads,Rome,Italy,"fountains,historic,monuments_and_memorials,urban_environment,cultural,interesting_places,sculptures,monuments",41.902713775634766,12.496246337890625,3,3,Q7489878,way/23914146,OpenTripMap
W201482365,Basilica di Santa Maria degli Angeli e dei Martiri,basilica di santa maria degli angeli e dei martiri,Rome,Italy,"religion,churches,interesting_places,catholic_churches",41.90342330932617,12.497330665588379,7,7,Q569253,way/201482365,OpenTripMap
W203914283,Obelisco dei Dogali,obelisco dei dogali,Rome,Italy,"historic,monuments_and_memorials,urban_environment,cultural,interesting_places,sculptures,monuments",41.90214538574219,12.497461318969727,3,3,Q3348579,way/203914283,OpenTripMap
W112383673,Chiesa di Sant'Isidoro alle Terme,chiesa di sant'isidoro alle terme,Rome,Italy,"religion,architecture,historic_architecture,churches,interesting_places,destroyed_objects,catholic_churches",41.90399932861328,12.496132850646973,3,3,Q3672850,way/112383673,OpenTripMap
W201568922,Baths of Diocletian,baths of diocletian,Rome,Italy,"architecture,historic_architecture,historic,archaeology,interesting_places,baths_and_saunas,saunas,other_archaeological_sites,amusements,other_buildings_and_structures",41.90366744995117,12.49785327911377,7,7,Q836108,way/201568922,OpenTripMap
W203947126,San Bernardo alle Terme,san bernardo alle terme,Rome,Italy,"religion,churches,interesting_places,catholic_churches",41.903587341308594,12.494524955749512,3,3,Q1568136,way/203947126,OpenTripMap
Q3890451,Palazzo Massimo alle Terme,palazzo massimo alle terme,Rome,Italy,"palaces,architecture,historic_architecture,interesting_places",41.90176773071289,12.498086929321289,7,7,Q3890451,,OpenTripMap
R2706801,Baths of Diocletian,baths of diocletian,Rome,Italy,"architecture,historic,archaeology,museums,saunas,other_museums,other_archaeological_sites,amusements,historic_architecture,cultural,interesting_places,baths_and_saunas,other_buildings_and_structures",41.90378189086914,12.498210906982422,7,7,Q836108,relation/2706801,OpenTripMap
N4709991816,Terme di Diocleziano,terme di diocleziano,Rome,Italy,"architecture,historic,archaeology,saunas,other_archaeological_sites,amusements,restaurants,tourist_facilities,historic_architecture,interesting_places,baths_and_saunas,foods,other_buildings_and_structures",41.901153564453125,12.497066497802734,7,7,Q836108,node/4709991816,OpenTripMap
W201389491,Teatro dell'Opera,teatro dell'opera,Rome,Italy,"cultural,theatres_and_entertainments,interesting_places,other_theatres",41.90092849731445,12.495469093322754,7,7,Q1050350,way/201389491,OpenTripMap
Q3330142,Museum of the Baths of Diocletian,museum of the baths of diocletian,Rome,Italy,"museums,cultural,interesting_places,other_museums",41.903873443603516,12.49870777130127,7,7,Q3330142,,OpenTripMap
Q1135392,Museo Nazionale Romano,museo nazionale romano,Rome,Italy,"national_museums,museums,cultural,interesting_places",41.90125274658203,12.498294830322266,3,3,Q1135392,,OpenTripMap
N1277743956,Fountain of Moses,fountain of moses,Rome,Italy,"fountains,historic,monuments_and_memorials,urban_environment,cultural,interesting_places,sculptures,monuments",41.90439224243164,12.494451522827148,7,7,Q983774,node/1277743956,OpenTripMap
R2705998,Palazzo Massimo alle Terme,palazzo massimo alle terme,Rome,Italy,"cultural,museums,interesting_places,art_galleries",41.90131378173828,12.498656272888184,3,3,Q510071,relation/2705998,OpenTripMap
W201319582,St. Paul's Within the Walls,st. paul's within the walls,Rome,Italy,"religion,churches,interesting_places,other_churches",41.90106201171875,12.494261741638184,3,3,Q3585375,way/201319582,OpenTripMap
Q588885,Cornaro chapel,cornaro chapel,Rome,Italy,"religion,churches,interesting_places,other_churches",41.90468215942383,12.494227409362793,3,3,Q588885,,OpenTripMap
W52251976,Santa Susanna alle Terme di Diocleziano,santa susanna alle terme di diocleziano,Rome,Italy,"religion,churches,interesting_places,catholic_churches",41.90428924560547,12.493667602539062,7,7,Q2030809,way/52251976,OpenTripMap
W52457969,Santa Maria della Vittoria,santa maria della vittoria,Rome,Italy,"religion,churches,interesting_places,catholic_churches",41.904720306396484,12.494189262390137,3,3,Q863593,way/52457969,OpenTripMap
Q1333433,Ecstasy of Saint Teresa,ecstasy of saint teresa,Rome,Italy,"historic,cultural,urban_environment,monuments_and_memorials,interesting_places,sculptures,monuments",41.90472412109375,12.494166374206543,3,3,Q1333433,,OpenTripMap
W427413247,Resti di Mura Serviane,resti di mura serviane,Rome,Italy,"architecture,historic_architecture,fortifications,defensive_walls,historic,archaeology,interesting_places,destroyed_objects,other_archaeological_sites",41.90481948852539,12.493714332580566,3,3,Q281330,way/427413247,OpenTripMap
W427415216,Resti di Mura Serviane,resti di mura serviane,Rome,Italy,"fortifications,defensive_walls,historic,archaeology,interesting_places,other_archaeological_sites",41.90348434448242,12.500173568725586,3,3,Q281330,way/427415216,OpenTripMap
Q86671405,Palazzo dell'Agricoltura,palazzo dell'agricoltura,Rome,Italy,"palaces,architecture,historic_architecture,interesting_places",41.905426025390625,12.494462013244629,3,3,Q86671405,,OpenTripMap
Q60059450,Palazzo Baracchini (Rome),palazzo baracchini (rome),Rome,Italy,"palaces,architecture,historic_architecture,interesting_places",41.90333938598633,12.492238998413086,3,3,Q60059450,,OpenTripMap
Q61737951,San Norberto all'Esquilino,san norberto all'esquilino,Rome,Italy,"religion,churches,interesting_places,other_churches",41.900001525878906,12.494305610656738,3,3,Q61737951,,OpenTripMap
Q60699137,Santa Maria della Sanità,santa maria della sanità,Rome,Italy,"religion,churches,interesting_places,other_churches",41.89966583251953,12.494610786437988,3,3,Q60699137,,OpenTripMap
W662061852,Fontana di piazza del Viminale,fontana di piazza del viminale,Rome,Italy,"fountains,historic,monuments_and_memorials,urban_environment,cultural,interesting_places,sculptures,monuments",41.89980697631836,12.494196891784668,3,3,Q3747441,way/662061852,OpenTripMap
W112677349,Servian Wall,servian wall,Rome,Italy,"architecture,historic_architecture,fortifications,defensive_walls,historic,archaeology,interesting_places,destroyed_objects,other_archaeological_sites",41.90266418457031,12.501070976257324,3,3,Q281330,way/112677349,OpenTripMap
Q26256689,Santa Teresa alle Quattro Fontane,santa teresa alle quattro fontane,Rome,Italy,"religion,churches,interesting_places,other_churches",41.90238952636719,12.491722106933594,3,3,Q26256689,,OpenTripMap
W112677344,Servian Wall,servian wall,Rome,Italy,"architecture,historic_architecture,fortifications,defensive_walls,historic,archaeology,interesting_places,destroyed_objects,other_archaeological_sites",41.9024543762207,12.5010986328125,3,3,Q281330,way/112677344,OpenTripMap
Q1516087,Porta Viminale,porta viminale,Rome,Italy,"fortifications,historic,defensive_walls,interesting_places",41.90250015258789,12.501111030578613,3,3,Q1516087,,OpenTripMap
W334298311,Saint Andrew's Presbyterian Church of Scotland,saint andrew's presbyterian church of scotland,Rome,Italy,"religion,churches,interesting_places,other_churches",41.90306091308594,12.49167537689209,3,3,Q3945102,way/334298311,OpenTripMap
W112677352,Servian Wall,servian wall,Rome,Italy,"architecture,historic_architecture,fortifications,defensive_walls,historic,archaeology,interesting_places,destroyed_objects,other_archaeological_sites",41.90233612060547,12.501158714294434,3,3,Q281330,way/112677352,OpenTripMap
W940805699,Piazza del Viminale,piazza del viminale,Rome,Italy,"fountains,historic,monuments_and_memorials,urban_environment,cultural,interesting_places,sculptures,monuments",41.899662017822266,12.494014739990234,3,3,Q3747441,way/940805699,OpenTripMap
W781934077,Servian Wall,servian wall,Rome,Italy,"fortifications,defensive_walls,historic,archaeology,interesting_places,other_archaeological_sites",41.90622329711914,12.49438190460205,3,3,Q281330,way/781934077,OpenTripMap
Q2047643,Palazzo delle Finanze,palazzo delle finanze,Rome,Italy,"palaces,architecture,historic_architecture,interesting_places",41.90638732910156,12.498096466064453,3,3,Q2047643,,OpenTripMap
Q1463832,Sack of Rome,sack of rome,Rome,Italy,"battlefields,historic,historical_places,interesting_places",41.900001525878906,12.5,3,3,Q1463832,,OpenTripMap
W781934076,Servian Wall,servian wall,Rome,Italy,"fortifications,defensive_walls,historic,archaeology,interesting_places,other_archaeological_sites",41.906375885009766,12.494311332702637,3,3,Q281330,way/781934076,OpenTripMap
W201592884,Giardini di Palazzo Barberini,giardini di palazzo barberini,Rome,Italy,"palaces,architecture,historic_architecture,urban_environment,gardens_and_parks,cultural,museums,interesting_places,art_galleries",41.903114318847656,12.491070747375488,7,7,Q1136614,way/201592884,OpenTripMap
W112675404,Servian Wall,servian wall,Rome,Italy,"fortifications,defensive_walls,historic,archaeology,interesting_places,other_archaeological_sites",41.90177536010742,12.501742362976074,3,3,Q281330,way/112675404,OpenTripMap
Q3361190,Palazzo del Viminale,palazzo del viminale,Rome,Italy,"palaces,architecture,historic_architecture,interesting_places",41.899200439453125,12.493499755859375,3,3,Q3361190,,OpenTripMap
N253874144,Quattro Fontane,quattro fontane,Rome,Italy,"fountains,historic,monuments_and_memorials,urban_environment,cultural,interesting_places,sculptures,monuments",41.90196990966797,12.490738868713379,7,7,Q1217302,node/253874144,OpenTripMap
W201374573,San Carlo alle Quattro Fontane,san carlo alle quattro fontane,Rome,Italy,"religion,churches,interesting_places,catholic_churches",41.901737213134766,12.490792274475098,7,7,Q867329,way/201374573,OpenTripMap
Q1830216,Temple of the gens Flavia,temple of the gens flavia,Rome,Italy,"religion,other_temples,historic,archaeology,interesting_places,other_archaeological_sites",41.90190124511719,12.490699768066406,3,3,Q1830216,,OpenTripMap
W203944603,San Nicola da Tolentino,san nicola da tolentino,Rome,Italy,"religion,churches,interesting_places,other_churches",41.90522003173828,12.491476058959961,3,3,Q1097292,way/203944603,OpenTripMap
W112796242,Basilica di Santa Pudenziana al Viminale,basilica di santa pudenziana al viminale,Rome,Italy,"religion,churches,interesting_places,catholic_churches",41.8984489440918,12.495467185974121,7,7,Q1526417,way/112796242,OpenTripMap
Q56037530,San Luca all'Esquilino,san luca all'esquilino,Rome,Italy,"religion,churches,interesting_places,other_churches",41.898529052734375,12.498000144958496,3,3,Q56037530,,OpenTripMap
Q25042014,"Palazzo Leoni, Bologna","palazzo leoni, bologna",Rome,Italy,"historic_architecture,architecture,interesting_places,other_buildings_and_structures",41.9013557434082,12.502059936523438,7,7,Q25042014,,OpenTripMap
W203946467,San Camillo de Lellis,san camillo de lellis,Rome,Italy,"religion,churches,interesting_places,catholic_churches",41.90703582763672,12.49435043334961,3,3,Q2424787,way/203946467,OpenTripMap
W201374574,Santi Gioacchino e Anna alle Quattro Fontane,santi gioacchino e anna alle quattro fontane,Rome,Italy,"religion,churches,interesting_places,catholic_churches",41.90156555175781,12.490554809570312,3,3,Q2223427,way/201374574,OpenTripMap
W220465225,Sacro Cuore di Gesù a Castro Pretorio,sacro cuore di gesù a castro pretorio,Rome,Italy,"religion,churches,interesting_places,catholic_churches",41.902706146240234,12.50259017944336,7,7,Q2177355,way/220465225,OpenTripMap
Q15206099,Bust of Antonio Barberini,bust of antonio barberini,Rome,Italy,"historic,cultural,urban_environment,monuments_and_memorials,interesting_places,sculptures,monuments",41.90351486206055,12.490208625793457,3,3,Q15206099,,OpenTripMap
W105912558,Obelisco Esquilino,obelisco esquilino,Rome,Italy,"historic,monuments_and_memorials,urban_environment,cultural,interesting_places,sculptures,monuments",41.89817428588867,12.497498512268066,3,3,Q3348559,way/105912558,OpenTripMap
Q1230563,Battle of the Colline Gate,battle of the colline gate,Rome,Italy,"battlefields,historic,historical_places,interesting_places",41.907222747802734,12.498611450195312,3,3,Q1230563,,OpenTripMap
R2716050,Palazzo Barberini,palazzo barberini,Rome,Italy,"palaces,architecture,historic_architecture,cultural,museums,interesting_places,art_galleries",41.90349578857422,12.490120887756348,7,7,Q1136614,relation/2716050,OpenTripMap
N2122709063,National Gallery of Ancient Art,national gallery of ancient art,Rome,Italy,"national_museums,cultural,museums,interesting_places,art_galleries",41.903324127197266,12.489874839782715,7,7,Q2266081,node/2122709063,OpenTripMap
W201628993,Gesù Bambino all'Esquilino,gesù bambino all'esquilino,Rome,Italy,"religion,churches,interesting_places,catholic_churches",41.897911071777344,12.495871543884277,3,3,Q805962,way/201628993,OpenTripMap
Q3669722,San Caio,san caio,Rome,Italy,"religion,churches,interesting_places,other_churches",41.9067497253418,12.500389099121094,3,3,Q3669722,,OpenTripMap
N3799143857,Our Lady of the Rosary and Saint Peter Chanel,our lady of the rosary and saint peter chanel,Rome,Italy,"religion,churches,interesting_places,other_churches",41.90681838989258,12.50028133392334,3,3,Q3668664,node/3799143857,OpenTripMap
Q3859475,Palazzo Barberini Mithraeum,palazzo barberini mithraeum,Rome,Italy,"religion,other_temples,historic,archaeology,interesting_places,other_archaeological_sites",41.90309143066406,12.489749908447266,7,7,Q3859475,,OpenTripMap
W201630119,Chiesa evangelica battista ai Monti,chiesa evangelica battista ai monti,Rome,Italy,"religion,churches,interesting_places,other_churches",41.89781188964844,12.495237350463867,3,3,Q3586157,way/201630119,OpenTripMap
Q16586180,Palazzo Giorgioli,palazzo giorgioli,Rome,Italy,"palaces,architecture,historic_architecture,interesting_places",41.89760971069336,12.49655532836914,3,3,Q16586180,,OpenTripMap
W201294911,Santi Vitale e Compagni Martiri in Fovea,santi vitale e compagni martiri in fovea,Rome,Italy,"religion,churches,interesting_places,catholic_churches",41.899749755859375,12.490670204162598,3,3,Q1579529,way/201294911,OpenTripMap
W204049099,Horti Sallustiani,horti sallustiani,Rome,Italy,"historic,urban_environment,gardens_and_parks,archaeology,cultural,interesting_places,other_archaeological_sites",41.90805435180664,12.496905326843262,3,3,Q1241278,way/204049099,OpenTripMap
W203944602,San Basilio agli Orti Sallustiani,san basilio agli orti sallustiani,Rome,Italy,"religion,churches,interesting_places,catholic_churches",41.9048957824707,12.489886283874512,3,3,Q3669578,way/203944602,OpenTripMap
W131564482,Basilica of Saint Mary Major,basilica of saint mary major,Rome,Italy,"religion,churches,interesting_places,catholic_churches",41.89762496948242,12.498470306396484,7,7,Q186282,way/131564482,OpenTripMap
Q5655310,The Parting of Lot and Abraham (Santa Maria Maggiore),the parting of lot and abraham (santa maria maggiore),Rome,Italy,"historic,cultural,urban_environment,monuments_and_memorials,interesting_places,sculptures,monuments",41.897499084472656,12.498611450195312,3,3,Q5655310,,OpenTripMap
W112820613,Chiesa di Sant'Andrea al Quirinale,chiesa di sant'andrea al quirinale,Rome,Italy,"religion,churches,interesting_places,catholic_churches",41.900672912597656,12.489352226257324,7,7,Q1354667,way/112820613,OpenTripMap
N4455036150,The 2 Columns,the 2 columns,Rome,Italy,"historic,monuments_and_memorials,burial_places,urban_environment,cultural,interesting_places,other_burial_places,restaurants,foods,sculptures,monuments,tourist_facilities",41.897216796875,12.497815132141113,3,3,Q2984311,node/4455036150,OpenTripMap
W51930840,Palazzo delle Esposizioni,palazzo delle esposizioni,Rome,Italy,"cultural,museums,interesting_places,art_galleries",41.899658203125,12.490032196044922,3,3,Q2579612,way/51930840,OpenTripMap
W341240519,Sacro Cuore di Gesù,sacro cuore di gesù,Rome,Italy,"religion,churches,interesting_places,catholic_churches",41.908164978027344,12.499114990234375,3,3,Q3580787,way/341240519,OpenTripMap
Q3672478,Sant'Andrea degli Scozzesi,sant'andrea degli scozzesi,Rome,Italy,"religion,churches,interesting_places,other_churches",41.90299987792969,12.488611221313477,3,3,Q3672478,,OpenTripMap
W322582073,Fontana del Tritone di palazzo Margherita,fontana del tritone di palazzo margherita,Rome,Italy,"fountains,palaces,architecture,historic_architecture,urban_environment,cultural,interesting_places",41.907127380371094,12.491108894348145,3,3,Q583541,way/322582073,OpenTripMap
N1326896537,Fountain of the Bees,fountain of the bees,Rome,Italy,"fountains,historic,monuments_and_memorials,urban_environment,cultural,interesting_places,sculptures,monuments",41.904296875,12.48876667022705,3,3,Q857540,node/1326896537,OpenTripMap
W151584968,San Lorenzo in Panisperna,san lorenzo in panisperna,Rome,Italy,"religion,churches,interesting_places,catholic_churches",41.89741134643555,12.493241310119629,7,7,Q2712352,way/151584968,OpenTripMap
N3456447054,Boncompagni Ludovisi Decorative Art Museum,boncompagni ludovisi decorative art museum,Rome,Italy,"cultural,museums,interesting_places,other_museums",41.90867614746094,12.495149612426758,3,3,Q3867580,node/3456447054,OpenTripMap
W662063745,Triton Fountain,triton fountain,Rome,Italy,"fountains,historic,monuments_and_memorials,urban_environment,cultural,interesting_places,sculptures,monuments",41.903663635253906,12.488481521606445,7,7,Q267971,way/662063745,OpenTripMap
W662059318,Fontana di piazza Santa Maria Maggiore,fontana di piazza santa maria maggiore,Rome,Italy,"fountains,historic,monuments_and_memorials,urban_environment,cultural,interesting_places,sculptures,monuments",41.89706039428711,12.499330520629883,3,3,Q3747439,way/662059318,OpenTripMap
N6563065029,Museum and crypt of Capuchin Monks,museum and crypt of capuchin monks,Rome,Italy,"religion,churches,cultural,museums,interesting_places,history_museums,other_churches",41.904788970947266,12.488585472106934,7,7,Q546141,node/6563065029,OpenTripMap
W662059317,Colonna della Pace a Santa Maria Maggiore,colonna della pace a santa maria maggiore,Rome,Italy,"fountains,historic,monuments_and_memorials,urban_environment,cultural,interesting_places,sculptures,monuments",41.89702224731445,12.49938678741455,3,3,Q3747439,way/662059317,OpenTripMap
W203946249,Santa Maria Immacolata a Via Veneto,santa maria immacolata a via veneto,Rome,Italy,"religion,churches,interesting_places,catholic_churches",41.905025482177734,12.488615036010742,7,7,Q546141,way/203946249,OpenTripMap
N5645513337,"Museum of Central Institute for Archives and Book Pathology ""Alfonso Gallo""","museum of central institute for archives and book pathology ""alfonso gallo""",Rome,Italy,"cultural,museums,interesting_places,other_museums",41.89778137207031,12.491387367248535,3,3,Q3867998,node/5645513337,OpenTripMap
Q19545480,Palazzo Piacentini,palazzo piacentini,Rome,Italy,"palaces,architecture,historic_architecture,interesting_places",41.90549850463867,12.488638877868652,3,3,Q19545480,,OpenTripMap
W203996025,Chiesa di San Patrizio a Villa Ludovisi,chiesa di san patrizio a villa ludovisi,Rome,Italy,"religion,churches,interesting_places,catholic_churches",41.90864562988281,12.492897987365723,3,3,Q1097613,way/203996025,OpenTripMap
W346391637,Chiesa di Sant'Antonio Abate all'Esquilino,chiesa di sant'antonio abate all'esquilino,Rome,Italy,"religion,churches,interesting_places,catholic_churches",41.897090911865234,12.500494003295898,3,3,Q2223869,way/346391637,OpenTripMap
Q3889720,Palazzo Brancaccio,palazzo brancaccio,Rome,Italy,"palaces,architecture,historic_architecture,interesting_places",41.89668655395508,12.499263763427734,7,7,Q3889720,,OpenTripMap
Q3673457,Santa Maria Maddalena al Quirinale,santa maria maddalena al quirinale,Rome,Italy,"religion,churches,interesting_places,other_churches",41.900047302246094,12.48842716217041,3,3,Q3673457,,OpenTripMap
W105281826,Mura Serviane,mura serviane,Rome,Italy,"fortifications,defensive_walls,historic,archaeology,interesting_places,other_archaeological_sites",41.89793014526367,12.502280235290527,3,3,Q281330,way/105281826,OpenTripMap
Q3944422,sacello di San Zenone,sacello di san zenone,Rome,Italy,"religion,churches,interesting_places,other_churches",41.89643478393555,12.49864673614502,3,3,Q3944422,,OpenTripMap
N3511203240,Chiesa di San Nicola,chiesa di san nicola,Rome,Italy,"religion,churches,interesting_places,eastern_orthodox_churches",41.904022216796875,12.50516128540039,3,3,Q4320442,node/3511203240,OpenTripMap
Q55183685,Palazzo Cimarra,palazzo cimarra,Rome,Italy,"palaces,architecture,historic_architecture,interesting_places",41.896610260009766,12.493110656738281,7,7,Q55183685,,OpenTripMap
Q1543496,Collegium Russicum,collegium russicum,Rome,Italy,"religion,other_temples,interesting_places",41.896888732910156,12.500555992126465,3,3,Q1543496,,OpenTripMap
W317087906,San Lorenzo da Brindisi,san lorenzo da brindisi,Rome,Italy,"religion,churches,interesting_places,other_churches",41.90944290161133,12.495361328125,3,3,Q3670941,way/317087906,OpenTripMap
Q31898169,Sant'Agnese ad Duo Furna,sant'agnese ad duo furna,Rome,Italy,"religion,churches,interesting_places,other_churches",41.8963623046875,12.498861312866211,3,3,Q31898169,,OpenTripMap
W201506665,Giardini del Quirinale,giardini del quirinale,Rome,Italy,"cultural,museums,interesting_places,other_museums",41.901187896728516,12.487635612487793,3,3,Q26452821,way/201506665,OpenTripMap
W348319804,Santa Maria Annunziata delle Turchine,santa maria annunziata delle turchine,Rome,Italy,"religion,churches,interesting_places,other_churches",41.89607238769531,12.495809555053711,3,3,Q3673250,way/348319804,OpenTripMap
Q16586279,Palazzo Passarini Falletti,palazzo passarini falletti,Rome,Italy,"palaces,architecture,historic_architecture,interesting_places",41.89672088623047,12.492480278015137,3,3,Q16586279,,OpenTripMap
Q26256756,Santa Maria della Neve dei Foglianti,santa maria della neve dei foglianti,Rome,Italy,"religion,churches,interesting_places,other_churches",41.902557373046875,12.487333297729492,3,3,Q26256756,,OpenTripMap
W44448525,Basilica di Santa Prassede,basilica di santa prassede,Rome,Italy,"religion,churches,interesting_places,catholic_churches",41.896244049072266,12.498672485351562,7,7,Q733890,way/44448525,OpenTripMap
W498598422,Villa Carlo Alberto al Quirinale,villa carlo alberto al quirinale,Rome,Italy,"cultural,museums,interesting_places,other_museums",41.89965057373047,12.488329887390137,3,3,Q55619261,way/498598422,OpenTripMap
W338484112,San Giuseppe Calasanzio,san giuseppe calasanzio,Rome,Italy,"religion,churches,interesting_places,other_churches",41.9083366394043,12.491024017333984,3,3,Q951214,way/338484112,OpenTripMap
H323478,castro pretorio,castro pretorio,Rome,Italy,"campsites,guest_houses,historic,accomodations,fortifications,archaeology,interesting_places,other_fortifications,other_archaeological_sites",41.9056510925293,12.504752159118652,3,3,Q1049836,,OpenTripMap
W202313171,Santi Ildefonso e Tommaso da Villanova (Rome),santi ildefonso e tommaso da villanova (rome),Rome,Italy,"religion,churches,interesting_places,catholic_churches",41.903778076171875,12.487252235412598,3,3,Q3668224,way/202313171,OpenTripMap
R5191888,Casino di Villa Sforza,casino di villa sforza,Rome,Italy,"religion,churches,monasteries,interesting_places,other_churches",41.89591598510742,12.496305465698242,3,3,Q3669999,relation/5191888,OpenTripMap
Q5002068,Bust of Giovanni Battista Santoni,bust of giovanni battista santoni,Rome,Italy,"historic,cultural,urban_environment,monuments_and_memorials,interesting_places,sculptures,monuments",41.89611053466797,12.498611450195312,3,3,Q5002068,,OpenTripMap
Q27989396,Palazzo del Tritone,palazzo del tritone,Rome,Italy,"palaces,architecture,historic_architecture,interesting_places",41.90325164794922,12.487150192260742,7,7,Q27989396,,OpenTripMap
W338689254,Santissimo Redentore e Santa Francesca Saverio Cabrini,santissimo redentore e santa francesca saverio cabrini,Rome,Italy,"religion,churches,interesting_places,catholic_churches",41.909786224365234,12.496498107910156,3,3,Q3668661,way/338689254,OpenTripMap
W23502331,Casa dell'Architettura,casa dell'architettura,Rome,Italy,"palaces,architecture,historic_architecture,aquariums,cultural,museums,interesting_places",41.89771270751953,12.502917289733887,3,3,Q3604678,way/23502331,OpenTripMap
W52509644,Chiesa evangelica luterana,chiesa evangelica luterana,Rome,Italy,"religion,churches,interesting_places,other_churches",41.908973693847656,12.491705894470215,3,3,Q763543,way/52509644,OpenTripMap
N6860838603,Porta Nomentana,porta nomentana,Rome,Italy,"fortifications,defensive_walls,historic,interesting_places",41.90860366821289,12.5020751953125,3,3,Q644765,node/6860838603,OpenTripMap
Q3983285,Temple of Venus Erycina,temple of venus erycina,Rome,Italy,"historic,archaeology,interesting_places,other_archaeological_sites",41.909976959228516,12.496505737304688,3,3,Q3983285,,OpenTripMap
N3039065548,Teatro Sistina,teatro sistina,Rome,Italy,"cultural,cinemas,theatres_and_entertainments,interesting_places",41.90422058105469,12.486885070800781,3,3,Q3516773,node/3039065548,OpenTripMap
R2739193,Porta Pia,porta pia,Rome,Italy,"fortifications,defensive_walls,historic,archaeology,interesting_places,other_archaeological_sites",41.909202575683594,12.500992774963379,3,3,Q1338582,relation/2739193,OpenTripMap
Q60969558,Santa Francesca Romana a Strada Felice,santa francesca romana a strada felice,Rome,Italy,"religion,churches,interesting_places,other_churches",41.90430450439453,12.486832618713379,3,3,Q60969558,,OpenTripMap
N602095458,Museo Storico dei Bersaglieri,museo storico dei bersaglieri,Rome,Italy,"cultural,museums,interesting_places,history_museums",41.90926742553711,12.501078605651855,3,3,Q603939,node/602095458,OpenTripMap
Q3672979,Santa Chiara al Quirinale,santa chiara al quirinale,Rome,Italy,"religion,churches,interesting_places,other_churches",41.89957809448242,12.48749828338623,3,3,Q3672979,,OpenTripMap
W339438916,Chiesa di San Lorenzo in Fonte,chiesa di san lorenzo in fonte,Rome,Italy,"religion,churches,interesting_places,catholic_churches",41.89564895629883,12.493753433227539,3,3,Q727686,way/339438916,OpenTripMap
N2140602057,Porta Pia,porta pia,Rome,Italy,"fortifications,defensive_walls,historic,interesting_places",41.90931701660156,12.501320838928223,7,7,Q54863559,node/2140602057,OpenTripMap
W349333996,Oratorio di Santa Maria Immacolata della Concezione,oratorio di santa maria immacolata della concezione,Rome,Italy,"religion,churches,interesting_places,catholic_churches",41.89594268798828,12.500490188598633,3,3,Q3355127,way/349333996,OpenTripMap
Q6382871,Biblioteca Nazionale Centrale di Roma,biblioteca nazionale centrale di roma,Rome,Italy,"other,unclassified_objects,interesting_places,historic_object",41.90678405761719,12.504961967468262,7,7,Q6382871,,OpenTripMap
Q78514476,Sant'Andrea de Fractis,sant'andrea de fractis,Rome,Italy,"religion,churches,interesting_places,other_churches",41.89591598510742,12.500499725341797,3,3,Q78514476,,OpenTripMap
W201401560,Teatro Eliseo,teatro eliseo,Rome,Italy,"cultural,theatres_and_entertainments,interesting_places,other_theatres",41.89797592163086,12.4885892868042,3,3,Q3516757,way/201401560,OpenTripMap
W338042338,Cappella Corpus Christi della Curia generalizia dei Cappucci,cappella corpus christi della curia generalizia dei cappucci,Rome,Italy,"religion,churches,interesting_places,other_churches",41.90987014770508,12.4925537109375,3,3,Q3668528,way/338042338,OpenTripMap
W348366129,Torre dei Graziani,torre dei graziani,Rome,Italy,"architecture,towers,interesting_places,other_towers",41.89518356323242,12.497011184692383,3,3,Q56709210,way/348366129,OpenTripMap
W202072472,Sant’Isidoro a Capo le Case,sant’isidoro a capo le case,Rome,Italy,"religion,churches,interesting_places,catholic_churches",41.906005859375,12.487066268920898,3,3,Q1099048,way/202072472,OpenTripMap
Q22583640,Biblioteca medica statale Rome,biblioteca medica statale rome,Rome,Italy,"other,unclassified_objects,interesting_places,historic_object",41.90628433227539,12.505558967590332,7,7,Q22583640,,OpenTripMap
W338700520,Chiesa di Santa Maria Regina dei Cuori,chiesa di santa maria regina dei cuori,Rome,Italy,"religion,churches,interesting_places,catholic_churches",41.910240173339844,12.49394416809082,3,3,Q3673524,way/338700520,OpenTripMap
W81741055,Chiesa di Sant'Alfonso dei Liguori,chiesa di sant'alfonso dei liguori,Rome,Italy,"religion,churches,interesting_places,catholic_churches",41.89574432373047,12.500443458557129,3,3,Q655114,way/81741055,OpenTripMap
Q588204,Baths of Constantine,baths of constantine,Rome,Italy,"historic,archaeology,interesting_places,baths_and_saunas,saunas,other_archaeological_sites,amusements",41.89842987060547,12.487899780273438,3,3,Q588204,,OpenTripMap
W202304431,Santa Maria d'Itria,santa maria d'itria,Rome,Italy,"religion,churches,interesting_places,catholic_churches",41.903079986572266,12.485937118530273,3,3,Q2223154,way/202304431,OpenTripMap
Q19631546,San Nicola in Arcione,san nicola in arcione,Rome,Italy,"religion,churches,interesting_places,other_churches",41.9023323059082,12.485888481140137,3,3,Q19631546,,OpenTripMap
N2442817364,Arco di Gallieno,arco di gallieno,Rome,Italy,"architecture,historic_architecture,historic,monuments_and_memorials,interesting_places,monuments,triumphal_archs",41.89582443237305,12.501304626464844,3,3,Q3108617,node/2442817364,OpenTripMap
W24167332,Piazza di San Martino ai Monti,piazza di san martino ai monti,Rome,Italy,"religion,churches,urban_environment,cultural,interesting_places,catholic_churches,squares",41.894962310791016,12.497735023498535,7,7,Q1663278,way/24167332,OpenTripMap
W95930238,Santi Vito e Modesto,santi vito e modesto,Rome,Italy,"religion,churches,interesting_places,catholic_churches",41.895870208740234,12.50155258178711,3,3,Q3585446,way/95930238,OpenTripMap
W558274833,Sepolcro del Giovinetto Quinto Sulpicio Massimo,sepolcro del giovinetto quinto sulpicio massimo,Rome,Italy,"tumuluses,historic,monuments_and_memorials,burial_places,archaeology,interesting_places,other_archaeological_sites,monuments",41.91057586669922,12.498446464538574,3,3,Q1540900,way/558274833,OpenTripMap
W81741050,Arch of Gallienus,arch of gallienus,Rome,Italy,"architecture,historic_architecture,fortifications,defensive_walls,historic,interesting_places,destroyed_objects",41.895782470703125,12.501357078552246,3,3,Q616887,way/81741050,OpenTripMap
W24167333,Torre dei Capocci,torre dei capocci,Rome,Italy,"towers,architecture,interesting_places,other_towers",41.894893646240234,12.497547149658203,7,7,Q15144539,way/24167333,OpenTripMap
R2713700,Convento di Sant'Isidoro,convento di sant'isidoro,Rome,Italy,"religion,churches,monasteries,interesting_places,other_churches",41.906097412109375,12.486642837524414,3,3,Q1099048,relation/2713700,OpenTripMap
Q3670675,San Giuseppe a Capo le Case,san giuseppe a capo le case,Rome,Italy,"religion,churches,interesting_places,other_churches",41.90402603149414,12.48580551147461,3,3,Q3670675,,OpenTripMap
R2707110,Quirinal Palace,quirinal palace,Rome,Italy,"palaces,architecture,historic_architecture,interesting_places",41.90065383911133,12.486031532287598,7,7,Q223079,relation/2707110,OpenTripMap
W284851267,Palazzo Rospigliosi-Pallavicini,palazzo rospigliosi-pallavicini,Rome,Italy,"palaces,architecture,historic_architecture,cultural,museums,interesting_places,art_galleries",41.89823532104492,12.487502098083496,3,3,Q1817132,way/284851267,OpenTripMap
Q622909,Aqua Alexandrina,aqua alexandrina,Rome,Italy,"historic,archaeology,interesting_places,other_archaeological_sites",41.90816879272461,12.504490852355957,3,3,Q622909,,OpenTripMap
W348410737,Monastero Agostiniano delle Suore di Santa Lucia in Selci,monastero agostiniano delle suore di santa lucia in selci,Rome,Italy,"religion,churches,monasteries,interesting_places,other_churches",41.89470672607422,12.49659538269043,7,7,Q911564,way/348410737,OpenTripMap
W112795345,Fontana dei Dioscuri,fontana dei dioscuri,Rome,Italy,"historic,urban_environment,natural_springs,natural,springs_others,fountains,monuments_and_memorials,cultural,interesting_places,monuments",41.89911651611328,12.486703872680664,7,7,Q1227084,way/112795345,OpenTripMap
N5566077492,Monti,monti,Rome,Italy,"historical_places,historic,interesting_places,historic_districts",41.896080017089844,12.490287780761719,3,3,Q1419959,node/5566077492,OpenTripMap
Q1842984,Porta Clausa,porta clausa,Rome,Italy,"fortifications,historic,defensive_walls,interesting_places",41.904380798339844,12.507160186767578,3,3,Q1842984,,OpenTripMap
W135609691,Obelisco del Quirinale,obelisco del quirinale,Rome,Italy,"historic,monuments_and_memorials,urban_environment,cultural,interesting_places,sculptures,monuments",41.89906311035156,12.486642837524414,3,3,Q3348571,way/135609691,OpenTripMap
W801343349,Aurelian Walls,aurelian walls,Rome,Italy,"fortifications,defensive_walls,historic,archaeology,interesting_places,other_archaeological_sites",41.90257263183594,12.507410049438477,7,7,Q625149,way/801343349,OpenTripMap
W44639497,Aurelian Walls,aurelian walls,Rome,Italy,"fortifications,defensive_walls,historic,archaeology,interesting_places,other_archaeological_sites",41.910797119140625,12.493962287902832,7,7,Q625149,way/44639497,OpenTripMap
Q935016,Palazzo della Consulta,palazzo della consulta,Rome,Italy,"palaces,architecture,historic_architecture,interesting_places",41.89919662475586,12.486432075500488,7,7,Q935016,,OpenTripMap
Q1058677,Palazzo Koch,palazzo koch,Rome,Italy,"palaces,architecture,historic_architecture,interesting_places",41.897342681884766,12.488075256347656,7,7,Q1058677,,OpenTripMap
R2706708,Sant'Agata dei Goti Church,sant'agata dei goti church,Rome,Italy,"religion,churches,interesting_places,catholic_churches",41.896427154541016,12.489306449890137,7,7,Q1270759,relation/2706708,OpenTripMap
N5446426922,Piazza del Quirinale,piazza del quirinale,Rome,Italy,"view_points,other,historic,monuments_and_memorials,urban_environment,cultural,interesting_places,sculptures,monuments",41.899383544921875,12.486270904541016,3,3,Q3348571,node/5446426922,OpenTripMap
W348410738,Chiesa di Santa Lucia in Selci,chiesa di santa lucia in selci,Rome,Italy,"religion,churches,interesting_places,catholic_churches",41.8945198059082,12.496822357177734,7,7,Q911564,way/348410738,OpenTripMap
Q3874143,Esquiline Necropolis,esquiline necropolis,Rome,Italy,"cemeteries,historic,archaeology,burial_places,interesting_places,necropolises,other_archaeological_sites",41.89569854736328,12.50220012664795,3,3,Q3874143,,OpenTripMap
W52721562,Basilica di San Martino ai Monti,basilica di san martino ai monti,Rome,Italy,"religion,churches,interesting_places,catholic_churches",41.89456558227539,12.498270988464355,7,7,Q1663278,way/52721562,OpenTripMap
Q78814133,San Salvatore de Cornutis,san salvatore de cornutis,Rome,Italy,"religion,churches,interesting_places,other_churches",41.89802932739258,12.487083435058594,3,3,Q78814133,,OpenTripMap
Q3757712,Galleria d'arte moderna di Roma Capitale,galleria d'arte moderna di roma capitale,Rome,Italy,"museums,cultural,interesting_places,art_galleries",41.905887603759766,12.485869407653809,7,7,Q3757712,,OpenTripMap
W44449059,Santi Gioacchino e Anna ai Monti,santi gioacchino e anna ai monti,Rome,Italy,"religion,churches,interesting_places,catholic_churches",41.89455032348633,12.493978500366211,3,3,Q1088101,way/44449059,OpenTripMap
Q3786837,Horti Tauriani,horti tauriani,Rome,Italy,"historic,archaeology,interesting_places,other_archaeological_sites",41.89666748046875,12.50422191619873,3,3,Q3786837,,OpenTripMap
Q3843088,Magazzini di Lucio Nevio Clemente,magazzini di lucio nevio clemente,Rome,Italy,"historic,archaeology,interesting_places,other_archaeological_sites",41.89692687988281,12.488219261169434,3,3,Q3843088,,OpenTripMap
W77626233,Sant'Eusebio all'Esquilino,sant'eusebio all'esquilino,Rome,Italy,"religion,churches,interesting_places,catholic_churches",41.89635467529297,12.503796577453613,3,3,Q1785642,way/77626233,OpenTripMap
Q79081875,San Giovanni in Carapullo,san giovanni in carapullo,Rome,Italy,"religion,churches,interesting_places,other_churches",41.894500732421875,12.49394416809082,3,3,Q79081875,,OpenTripMap
W337871342,Chiesa di San Marone,chiesa di san marone,Rome,Italy,"religion,churches,interesting_places,other_churches",41.90787124633789,12.487195014953613,3,3,Q3671015,way/337871342,OpenTripMap
Q56557883,Palazzo della Panetteria,palazzo della panetteria,Rome,Italy,"palaces,architecture,historic_architecture,interesting_places",41.89997100830078,12.485583305358887,3,3,Q56557883,,OpenTripMap
Q106350472,Santa Maria della Purificazione in Via Merulana,santa maria della purificazione in via merulana,Rome,Italy,"religion,churches,interesting_places,other_churches",41.89472198486328,12.500222206115723,3,3,Q106350472,,OpenTripMap
R5198268,Convento dei Carmelitani dei Santi Silvestro e Martino ai Monti,convento dei carmelitani dei santi silvestro e martino ai monti,Rome,Italy,"religion,churches,monasteries,interesting_places,catholic_churches",41.894325256347656,12.498055458068848,7,7,Q1663278,relation/5198268,OpenTripMap
W801343350,Aurelian Walls,aurelian walls,Rome,Italy,"fortifications,defensive_walls,historic,archaeology,interesting_places,other_archaeological_sites",41.90172576904297,12.507838249206543,7,7,Q625149,way/801343350,OpenTripMap
W359820971,Basilica di Santa Teresa d'Avila,basilica di santa teresa d'avila,Rome,Italy,"religion,churches,interesting_places,catholic_churches",41.9113655090332,12.494977951049805,3,3,Q2615449,way/359820971,OpenTripMap
W157404571,San Bernardino in Panisperna,san bernardino in panisperna,Rome,Italy,"religion,churches,interesting_places,catholic_churches",41.89600372314453,12.489242553710938,3,3,Q1344657,way/157404571,OpenTripMap
Q26256758,Santa Teresa dello Scalone,santa teresa dello scalone,Rome,Italy,"religion,churches,interesting_places,other_churches",41.9005012512207,12.485194206237793,3,3,Q26256758,,OpenTripMap
N766869078,Harry's Bar,harry's bar,Rome,Italy,"historic,monuments_and_memorials,interesting_places,foods,bars,monuments,tourist_facilities",41.90907669067383,12.488319396972656,3,3,Q5666672,node/766869078,OpenTripMap
Q3670546,San Giovanni della Ficozza,san giovanni della ficozza,Rome,Italy,"religion,churches,interesting_places,other_churches",41.9021110534668,12.484722137451172,3,3,Q3670546,,OpenTripMap
W346990597,Santi Sergio e Bacco in Suburra,santi sergio e bacco in suburra,Rome,Italy,"religion,cathedrals,churches,interesting_places,catholic_churches",41.89507293701172,12.490837097167969,3,3,Q2308633,way/346990597,OpenTripMap
R2054913,Scuderie del Quirinale,scuderie del quirinale,Rome,Italy,"cultural,museums,interesting_places,other_museums",41.89865493774414,12.485958099365234,7,7,Q26840128,relation/2054913,OpenTripMap
Q3668073,Santo Angelo Custode al Tritone,santo angelo custode al tritone,Rome,Italy,"religion,architecture,historic_architecture,churches,interesting_places,destroyed_objects,other_churches",41.90250015258789,12.484444618225098,3,3,Q3668073,,OpenTripMap
W29702263,Piazza della Madonna dei Monti,piazza della madonna dei monti,Rome,Italy,"fountains,historic,monuments_and_memorials,urban_environment,cultural,interesting_places,sculptures,monuments",41.894893646240234,12.490882873535156,3,3,Q3747443,way/29702263,OpenTripMap
Q3670594,San Giuliano all'Esquilino,san giuliano all'esquilino,Rome,Italy,"religion,architecture,historic_architecture,churches,interesting_places,destroyed_objects,other_churches",41.89527893066406,12.502833366394043,3,3,Q3670594,,OpenTripMap
Q27961305,"Palazzo Aeronautica, Rome","palazzo aeronautica, rome",Rome,Italy,"palaces,architecture,historic_architecture,interesting_places",41.90223693847656,12.508377075195312,3,3,Q27961305,,OpenTripMap
N6860850383,Porta Praetoria,porta praetoria,Rome,Italy,"fortifications,defensive_walls,historic,interesting_places",41.90837860107422,12.505781173706055,3,3,Q1857684,node/6860850383,OpenTripMap
N3450997579,Porta Pinciana,porta pinciana,Rome,Italy,"fortifications,defensive_walls,historic,interesting_places",41.909454345703125,12.488375663757324,3,3,Q256546,node/3450997579,OpenTripMap
W153335805,Fontana della Madonna dei Monti,fontana della madonna dei monti,Rome,Italy,"fountains,historic,monuments_and_memorials,urban_environment,cultural,interesting_places,sculptures,monuments",41.89487075805664,12.4908447265625,3,3,Q3747443,way/153335805,OpenTripMap
N256753107,Porta Magica,porta magica,Rome,Italy,"architecture,historic_architecture,fortifications,defensive_walls,historic,interesting_places,destroyed_objects",41.89550018310547,12.503739356994629,3,3,Q3304975,node/256753107,OpenTripMap
W157407146,Santa Maria ai Monti,santa maria ai monti,Rome,Italy,"religion,churches,interesting_places,catholic_churches",41.89472198486328,12.49058723449707,3,3,Q2095195,way/157407146,OpenTripMap
W204998147,Chiesa di San Silvestro al Quirinale,chiesa di san silvestro al quirinale,Rome,Italy,"religion,churches,interesting_places,catholic_churches",41.897300720214844,12.486546516418457,3,3,Q1538594,way/204998147,OpenTripMap
N2925136606,La Fontana di Venere,la fontana di venere,Rome,Italy,"fountains,historic,monuments_and_memorials,urban_environment,cultural,interesting_places,restaurants,foods,sculptures,monuments,tourist_facilities",41.900611877441406,12.48443603515625,3,3,Q185382,node/2925136606,OpenTripMap
N356935276,Moses (Michelangelo),moses (michelangelo),Rome,Italy,"historic,monuments_and_memorials,urban_environment,cultural,interesting_places,sculptures,monuments",41.893882751464844,12.493402481079102,3,3,Q1989744,node/356935276,OpenTripMap
Q651551,Tomb of Pope Julius II,tomb of pope julius ii,Rome,Italy,"historic,monuments_and_memorials,burial_places,interesting_places,other_burial_places,monuments",41.89385986328125,12.493419647216797,3,3,Q651551,,OpenTripMap
R2051633,Chiesa dei Santi Domenico e Sisto,chiesa dei santi domenico e sisto,Rome,Italy,"religion,churches,interesting_places,catholic_churches",41.8958854675293,12.488166809082031,7,7,Q1571611,relation/2051633,OpenTripMap
W201882369,Saint Peter in Chains,saint peter in chains,Rome,Italy,"religion,churches,interesting_places,catholic_churches",41.89385223388672,12.493157386779785,7,7,Q542070,way/201882369,OpenTripMap
W345702226,Ninfeo di Alessandro Severo,ninfeo di alessandro severo,Rome,Italy,"historic,archaeology,interesting_places,other_archaeological_sites",41.89522171020508,12.503654479980469,3,3,Q3877101,way/345702226,OpenTripMap
N4370077891,Teatro Salone Margherita,teatro salone margherita,Rome,Italy,"cultural,cinemas,theatres_and_entertainments,interesting_places",41.904273986816406,12.484037399291992,3,3,Q3945740,node/4370077891,OpenTripMap
W202339987,Basilica di Sant' Andrea delle Fratte,basilica di sant' andrea delle fratte,Rome,Italy,"religion,churches,interesting_places,catholic_churches",41.90363693237305,12.483845710754395,7,7,Q1809794,way/202339987,OpenTripMap
N4450574609,Aqueduct Ruins,aqueduct ruins,Rome,Italy,"bridges,architecture,historic_architecture,interesting_places,destroyed_objects,aqueducts",41.90267562866211,12.483763694763184,3,3,Q600139,node/4450574609,OpenTripMap
W202161466,Santa Croce e San Bonaventura dei Lucchesi,santa croce e san bonaventura dei lucchesi,Rome,Italy,"religion,churches,interesting_places,catholic_churches",41.89967727661133,12.48446273803711,7,7,Q2222865,way/202161466,OpenTripMap
Q26256762,Santa Maria della Concezione ai Monti,santa maria della concezione ai monti,Rome,Italy,"religion,churches,interesting_places,other_churches",41.89433288574219,12.490721702575684,3,3,Q26256762,,OpenTripMap
Q622948,Aqua Tepula,aqua tepula,Rome,Italy,"architecture,bridges,historic,archaeology,interesting_places,other_archaeological_sites,aqueducts",41.9001350402832,12.50868034362793,3,3,Q622948,,OpenTripMap
N7012887885,Accademia di San Luca,accademia di san luca,Rome,Italy,"cultural,museums,interesting_places,other_museums",41.901615142822266,12.483680725097656,7,7,Q338523,node/7012887885,OpenTripMap
Q3884591,Santissima Vergine Addolorata,santissima vergine addolorata,Rome,Italy,"religion,other_temples,interesting_places",41.89466094970703,12.489704132080078,3,3,Q3884591,,OpenTripMap
W201721148,Santi Vincenzo e Anastasio a Fontana di Trevi,santi vincenzo e anastasio a fontana di trevi,Rome,Italy,"religion,churches,interesting_places,catholic_churches",41.90067672729492,12.483891487121582,3,3,Q2313394,way/201721148,OpenTripMap
Q3629514,Auditorium of Maecenas,auditorium of maecenas,Rome,Italy,"historic,archaeology,interesting_places,other_archaeological_sites",41.89400100708008,12.501399993896484,3,3,Q3629514,,OpenTripMap
Q1999962,Gardens of Maecenas,gardens of maecenas,Rome,Italy,"historic,archaeology,interesting_places,other_archaeological_sites",41.89400100708008,12.501399993896484,3,3,Q1999962,,OpenTripMap
Q48623920,Palazzo Carpegna,palazzo carpegna,Rome,Italy,"palaces,architecture,historic_architecture,interesting_places",41.901676177978516,12.483612060546875,3,3,Q48623920,,OpenTripMap
W360603734,Chiesa del Corpus Domini,chiesa del corpus domini,Rome,Italy,"religion,churches,interesting_places,catholic_churches",41.91062545776367,12.503868103027344,3,3,Q3668535,way/360603734,OpenTripMap
Q15181138,Angel with the Superscription,angel with the superscription,Rome,Italy,"historic,cultural,urban_environment,monuments_and_memorials,interesting_places,sculptures,monuments",41.90361022949219,12.483528137207031,3,3,Q15181138,,OpenTripMap
Q4762350,Angel with the Crown of Thorns,angel with the crown of thorns,Rome,Italy,"historic,cultural,urban_environment,monuments_and_memorials,interesting_places,sculptures,monuments",41.90361022949219,12.483528137207031,3,3,Q4762350,,OpenTripMap
Q1530830,Kircher Collection,kircher collection,Rome,Italy,"museums,cultural,interesting_places,other_museums",41.898948669433594,12.48455810546875,3,3,Q1530830,,OpenTripMap
Q26256769,Santa Maria della Concezione dei Sacconi Turchini,santa maria della concezione dei sacconi turchini,Rome,Italy,"religion,churches,interesting_places,other_churches",41.89430618286133,12.490278244018555,3,3,Q26256769,,OpenTripMap
N6212713285,Palazzetto Zuccari,palazzetto zuccari,Rome,Italy,"palaces,architecture,historic_architecture,interesting_places",41.9055290222168,12.483942031860352,3,3,Q1277188,node/6212713285,OpenTripMap
Q24941453,Istituto centrale per la grafica,istituto centrale per la grafica,Rome,Italy,"museums,cultural,interesting_places,other_museums",41.90153884887695,12.48348617553711,7,7,Q24941453,,OpenTripMap
Q20088658,Palazzo della Stamperia,palazzo della stamperia,Rome,Italy,"palaces,architecture,historic_architecture,interesting_places",41.9019775390625,12.483402252197266,3,3,Q20088658,,OpenTripMap
Q3671570,San Paolo primo eremita,san paolo primo eremita,Rome,Italy,"religion,churches,interesting_places,other_churches",41.89610290527344,12.486939430236816,3,3,Q3671570,,OpenTripMap
W157407150,San Francesco di Paola ai Monti,san francesco di paola ai monti,Rome,Italy,"religion,churches,interesting_places,catholic_churches",41.89380645751953,12.49144172668457,3,3,Q1581615,way/157407150,OpenTripMap
W202027320,San Salvatore ai Monti,san salvatore ai monti,Rome,Italy,"religion,churches,interesting_places,catholic_churches",41.89438247680664,12.489842414855957,3,3,Q3585380,way/202027320,OpenTripMap
Q60429961,Palazzo della Calcografia Nazionale,palazzo della calcografia nazionale,Rome,Italy,"museums,cultural,interesting_places,other_museums",41.9015007019043,12.483416557312012,3,3,Q60429961,,OpenTripMap
Q3637183,Beat '72,beat '72,Rome,Italy,"theatres_and_entertainments,cultural,interesting_places,other_theatres",41.89353942871094,12.500518798828125,3,3,Q3637183,,OpenTripMap
Q2277048,Palazzo Gabrielli-Mignanelli,palazzo gabrielli-mignanelli,Rome,Italy,"palaces,architecture,historic_architecture,interesting_places",41.90519714355469,12.483606338500977,3,3,Q2277048,,OpenTripMap
Q1473122,Palazzo di Propaganda Fide,palazzo di propaganda fide,Rome,Italy,"palaces,architecture,historic_architecture,interesting_places",41.90416717529297,12.483305931091309,3,3,Q1473122,,OpenTripMap
W201950493,Teatro Brancaccio,teatro brancaccio,Rome,Italy,"cultural,theatres_and_entertainments,interesting_places,music_venues",41.89348220825195,12.500663757324219,3,3,Q3982099,way/201950493,OpenTripMap
Q3981970,Teatro Drammatico Nazionale,teatro drammatico nazionale,Rome,Italy,"architecture,historic_architecture,theatres_and_entertainments,cultural,interesting_places,destroyed_objects,other_theatres",41.89725875854492,12.485389709472656,3,3,Q3981970,,OpenTripMap
Q20926493,Capella dei Re Magi,capella dei re magi,Rome,Italy,"religion,churches,interesting_places,other_churches",41.904109954833984,12.483222007751465,7,7,Q20926493,,OpenTripMap
W151797057,Santa Caterina a Magnanapoli,santa caterina a magnanapoli,Rome,Italy,"religion,churches,interesting_places,catholic_churches",41.89585876464844,12.486872673034668,7,7,Q727508,way/151797057,OpenTripMap
W23322002,Trevi Fountain,trevi fountain,Rome,Italy,"fountains,historic,monuments_and_memorials,urban_environment,cultural,interesting_places,sculptures,monuments",41.900978088378906,12.483284950256348,3,3,Q185382,way/23322002,OpenTripMap
W130203320,Torre delle Milizie,torre delle milizie,Rome,Italy,"architecture,towers,fortifications,historic,interesting_places,other_towers,fortified_towers",41.895957946777344,12.486672401428223,3,3,Q2547165,way/130203320,OpenTripMap
Q3890694,Palazzo Poli,palazzo poli,Rome,Italy,"palaces,architecture,historic_architecture,interesting_places",41.90113830566406,12.483181953430176,3,3,Q3890694,,OpenTripMap
Q3672477,Sant'Andrea de Biberatica,sant'andrea de biberatica,Rome,Italy,"religion,churches,interesting_places,other_churches",41.89772033691406,12.484777450561523,3,3,Q3672477,,OpenTripMap
Q3803778,Istituto Nazionale per la Grafica,istituto nazionale per la grafica,Rome,Italy,"museums,cultural,interesting_places,art_galleries",41.901100158691406,12.483099937438965,3,3,Q3803778,,OpenTripMap
Q3673814,Santa Maria dell'Umiltà,santa maria dell'umiltà,Rome,Italy,"religion,churches,interesting_places,other_churches",41.89986038208008,12.483444213867188,3,3,Q3673814,,OpenTripMap
W201947205,Baths of Trajan,baths of trajan,Rome,Italy,"architecture,historic_architecture,historic,archaeology,interesting_places,baths_and_saunas,saunas,other_archaeological_sites,amusements,other_buildings_and_structures",41.89279556274414,12.498102188110352,3,3,Q599035,way/201947205,OpenTripMap
W54044477,Trinità dei Monti,trinità dei monti,Rome,Italy,"religion,churches,interesting_places,catholic_churches",41.90629196166992,12.483684539794922,7,7,Q1229008,way/54044477,OpenTripMap
N1649776329,Galleria Colonna,galleria colonna,Rome,Italy,"cultural,museums,interesting_places,art_galleries",41.8974494934082,12.484845161437988,3,3,Q1971299,node/1649776329,OpenTripMap
N5655733522,Trevi Fountain,trevi fountain,Rome,Italy,"fountains,historic,monuments_and_memorials,urban_environment,cultural,interesting_places,shops,sculptures,bakeries,monuments,tourist_facilities",41.900733947753906,12.48305892944336,3,3,Q185382,node/5655733522,OpenTripMap
N5655847222,Doppio Malto (Fontana di Trevi),doppio malto (fontana di trevi),Rome,Italy,"fountains,historic,monuments_and_memorials,urban_environment,cultural,interesting_places,restaurants,foods,sculptures,monuments,tourist_facilities",41.901283264160156,12.482842445373535,3,3,Q185382,node/5655847222,OpenTripMap
W202121644,Colonna dell'Immacolata,colonna dell'immacolata,Rome,Italy,"historic,monuments_and_memorials,burial_places,urban_environment,cultural,interesting_places,other_burial_places,sculptures,monuments",41.90497589111328,12.482965469360352,3,3,Q429103,way/202121644,OpenTripMap
W202351242,Obelisco Sallustiano,obelisco sallustiano,Rome,Italy,"historic,monuments_and_memorials,urban_environment,cultural,interesting_places,sculptures,monuments",41.90615463256836,12.483206748962402,3,3,Q784104,way/202351242,OpenTripMap
W201950170,Cisterna delle Sette Sale,cisterna delle sette sale,Rome,Italy,"architecture,historic_architecture,historic,archaeology,interesting_places,destroyed_objects,other_archaeological_sites",41.89266586303711,12.499435424804688,3,3,Q3678238,way/201950170,OpenTripMap
Q3674416,Chiesa Evangelica Valdese in Rione Trevi,chiesa evangelica valdese in rione trevi,Rome,Italy,"religion,churches,interesting_places,other_churches",41.8970832824707,12.484749794006348,3,3,Q3674416,,OpenTripMap
Q1231749,Baths of Titus,baths of titus,Rome,Italy,"historic_architecture,architecture,historic,archaeology,interesting_places,baths_and_saunas,saunas,other_archaeological_sites,amusements,other_buildings_and_structures",41.892555236816406,12.49405288696289,7,7,Q1231749,,OpenTripMap
N279379894,Santa Maria in Trivio,santa maria in trivio,Rome,Italy,"religion,churches,interesting_places,other_churches",41.90116882324219,12.482600212097168,3,3,Q1423813,node/279379894,OpenTripMap
W201942840,Baths of Trajan,baths of trajan,Rome,Italy,"architecture,historic_architecture,historic,archaeology,interesting_places,baths_and_saunas,saunas,other_archaeological_sites,amusements,other_buildings_and_structures",41.892539978027344,12.49382209777832,3,3,Q599035,way/201942840,OpenTripMap
R2054911,Santa Maria del Carmine alle Tre Cannelle,santa maria del carmine alle tre cannelle,Rome,Italy,"religion,churches,interesting_places,catholic_churches",41.89688491821289,12.484792709350586,3,3,Q3585427,relation/2054911,OpenTripMap
W131235669,Santa Rita da Cascia alle Vergini,santa rita da cascia alle vergini,Rome,Italy,"religion,churches,interesting_places,catholic_churches",41.89976119995117,12.482928276062012,3,3,Q3585441,way/131235669,OpenTripMap
W207936435,Mercati di Traiano,mercati di traiano,Rome,Italy,"architecture,historic_architecture,historic,archaeology,interesting_places,destroyed_objects,other_archaeological_sites",41.8956184387207,12.486105918884277,3,3,Q478642,way/207936435,OpenTripMap
Q19912133,Arch of Sixtus V,arch of sixtus v,Rome,Italy,"architecture,historic_architecture,historic,monuments_and_memorials,interesting_places,monuments,triumphal_archs",41.89813995361328,12.509055137634277,3,3,Q19912133,,OpenTripMap
R2054909,Palazzo Colonna,palazzo colonna,Rome,Italy,"cultural,museums,interesting_places,art_galleries",41.89784622192383,12.483946800231934,3,3,Q1971299,relation/2054909,OpenTripMap
Q27897938,Palazzo del Grillo (Rome),palazzo del grillo (rome),Rome,Italy,"palaces,architecture,historic_architecture,interesting_places",41.89495849609375,12.486956596374512,7,7,Q27897938,,OpenTripMap
W60616323,Santissimo Sacramento al Tritone,santissimo sacramento al tritone,Rome,Italy,"religion,churches,interesting_places,catholic_churches",41.901893615722656,12.482266426086426,3,3,Q3884473,way/60616323,OpenTripMap
W134400816,Spanish Steps,spanish steps,Rome,Italy,"other,unclassified_objects,interesting_places,tourist_object",41.90605163574219,12.48287296295166,3,3,Q848072,way/134400816,OpenTripMap
Q26256801,San Giovanni in Capite,san giovanni in capite,Rome,Italy,"religion,churches,interesting_places,other_churches",41.903526306152344,12.482193946838379,3,3,Q26256801,,OpenTripMap
Q548614,Aqua Anio Vetus,aqua anio vetus,Rome,Italy,"historic,archaeology,interesting_places,other_archaeological_sites",41.89821243286133,12.509285926818848,3,3,Q548614,,OpenTripMap
W121266057,Baths of Trajan,baths of trajan,Rome,Italy,"architecture,historic_architecture,historic,archaeology,interesting_places,baths_and_saunas,saunas,other_archaeological_sites,amusements,other_buildings_and_structures",41.89216995239258,12.497051239013672,3,3,Q599035,way/121266057,OpenTripMap
N4228668019,Teatro Quirino,teatro quirino,Rome,Italy,"cultural,theatres_and_entertainments,interesting_places,opera_houses",41.89992141723633,12.482580184936523,3,3,Q3982110,node/4228668019,OpenTripMap
R2054912,Basilica dei Santi XII Apostoli,basilica dei santi xii apostoli,Rome,Italy,"religion,churches,interesting_places,catholic_churches",41.89814758300781,12.483477592468262,7,7,Q1515300,relation/2054912,OpenTripMap
Q3657494,Cappella della Mater Boni Consilii,cappella della mater boni consilii,Rome,Italy,"religion,churches,interesting_places,other_churches",41.89466094970703,12.487099647521973,3,3,Q3657494,,OpenTripMap
Q3074203,Temple of Trajan,temple of trajan,Rome,Italy,"historic,archaeology,interesting_places,other_archaeological_sites",41.89555740356445,12.485833168029785,3,3,Q3074203,,OpenTripMap
Q323726,Giorgio De Chirico House,giorgio de chirico house,Rome,Italy,"museums,cultural,interesting_places,art_galleries",41.905540466308594,12.482508659362793,7,7,Q323726,,OpenTripMap
W201972048,Santa Maria del Buon Consiglio,santa maria del buon consiglio,Rome,Italy,"religion,churches,interesting_places,catholic_churches",41.893428802490234,12.489474296569824,3,3,Q3673694,way/201972048,OpenTripMap
W202110420,Keats-Shelley Memorial House,keats-shelley memorial house,Rome,Italy,"cultural,museums,interesting_places,other_museums",41.90574264526367,12.482569694519043,7,7,Q1133966,way/202110420,OpenTripMap
N2674255342,Ipogeo di via Livenza,ipogeo di via livenza,Rome,Italy,"historic,archaeology,interesting_places,other_archaeological_sites",41.91347885131836,12.495237350463867,3,3,Q3801615,node/2674255342,OpenTripMap
Q3670494,San Giovanni Battista dei Cavalieri di Rodi,san giovanni battista dei cavalieri di rodi,Rome,Italy,"religion,churches,interesting_places,other_churches",41.89480209350586,12.486802101135254,3,3,Q3670494,,OpenTripMap
R1754380,Forum of Trajan,forum of trajan,Rome,Italy,"architecture,historic_architecture,historic,urban_environment,archaeology,cultural,interesting_places,destroyed_objects,other_archaeological_sites,squares",41.895206451416016,12.486213684082031,7,7,Q211295,relation/1754380,OpenTripMap
Q3669579,San Basilio al Foro di Augusto,san basilio al foro di augusto,Rome,Italy,"religion,churches,interesting_places,other_churches",41.894615173339844,12.487042427062988,3,3,Q3669579,,OpenTripMap
W170658804,Baths of Trajan,baths of trajan,Rome,Italy,"architecture,historic_architecture,historic,archaeology,interesting_places,baths_and_saunas,saunas,other_archaeological_sites,amusements,other_buildings_and_structures",41.89196014404297,12.49655818939209,3,3,Q599035,way/170658804,OpenTripMap
Q3657468,Madonna dell'Archetto,madonna dell'archetto,Rome,Italy,"religion,churches,interesting_places,other_churches",41.89889907836914,12.482799530029297,7,7,Q3657468,,OpenTripMap
R1899643,Chiesa dei Santi Quirico e Giulitta,chiesa dei santi quirico e giulitta,Rome,Italy,"religion,churches,interesting_places,catholic_churches",41.8940315246582,12.48779010772705,3,3,Q5246424,relation/1899643,OpenTripMap
R2051624,Casa dei Cavalieri di Rodi,casa dei cavalieri di rodi,Rome,Italy,"palaces,architecture,historic_architecture,interesting_places",41.8947868347168,12.486541748046875,7,7,Q3661197,relation/2051624,OpenTripMap
Q2665582,Franciscan Missionaries of Mary,franciscan missionaries of mary,Rome,Italy,"religion,other_temples,interesting_places",41.893123626708984,12.503152847290039,3,3,Q2665582,,OpenTripMap
Q61051795,San Sebastianello,san sebastianello,Rome,Italy,"religion,churches,interesting_places,other_churches",41.906890869140625,12.482806205749512,3,3,Q61051795,,OpenTripMap
R10646138,Parco del Colle Oppio,parco del colle oppio,Rome,Italy,"gardens_and_parks,cultural,urban_environment,interesting_places",41.89188766479492,12.495959281921387,3,3,Q1036262,relation/10646138,OpenTripMap
N658759384,Temple of Mars Ultor,temple of mars ultor,Rome,Italy,"religion,architecture,historic_architecture,other_temples,historic,archaeology,interesting_places,destroyed_objects,other_archaeological_sites",41.894405364990234,12.4870023727417,3,3,Q679665,node/658759384,OpenTripMap
W662008076,Fontana della Barcaccia,fontana della barcaccia,Rome,Italy,"fountains,historic,monuments_and_memorials,urban_environment,cultural,interesting_places,sculptures,monuments",41.90583038330078,12.482220649719238,7,7,Q1114231,way/662008076,OpenTripMap
N5398398307,Pizzeria Trattoria Galleria Sciarra,pizzeria trattoria galleria sciarra,Rome,Italy,"palaces,architecture,historic_architecture,interesting_places,restaurants,foods,tourist_facilities",41.8995361328125,12.482300758361816,7,7,Q3757697,node/5398398307,OpenTripMap
Q3360903,Palazzo Muti,palazzo muti,Rome,Italy,"palaces,architecture,historic_architecture,interesting_places",41.898529052734375,12.482722282409668,3,3,Q3360903,,OpenTripMap
Q3677190,Cinema dei Piccoli,cinema dei piccoli,Rome,Italy,"cinemas,cultural,theatres_and_entertainments,interesting_places",41.91176223754883,12.4877290725708,3,3,Q3677190,,OpenTripMap
R2714121,Spanish Square,spanish square,Rome,Italy,"squares,interesting_places,cultural,urban_environment",41.90578079223633,12.482102394104004,3,3,Q15124814,relation/2714121,OpenTripMap
W131235402,Santi Claudio e Andrea dei Borgognoni,santi claudio e andrea dei borgognoni,Rome,Italy,"religion,churches,interesting_places,catholic_churches",41.902252197265625,12.481549263000488,3,3,Q1165017,way/131235402,OpenTripMap
Q26256694,Santa Maria in Campo Carleo,santa maria in campo carleo,Rome,Italy,"religion,churches,interesting_places,other_churches",41.89500045776367,12.485833168029785,3,3,Q26256694,,OpenTripMap
W60616315,Chiesa di Santa Maria in Via,chiesa di santa maria in via,Rome,Italy,"religion,churches,interesting_places,catholic_churches",41.90164566040039,12.48159408569336,7,7,Q1785234,way/60616315,OpenTripMap
R1892863,Santissimo Nome di Maria al Foro Traiano,santissimo nome di maria al foro traiano,Rome,Italy,"religion,churches,interesting_places,catholic_churches",41.8961296081543,12.48450756072998,7,7,Q1856400,relation/1892863,OpenTripMap
N4349818789,Pane e Salami,pane e salami,Rome,Italy,"historic,archaeology,interesting_places,other_archaeological_sites,restaurants,foods,tourist_facilities",41.900726318359375,12.481762886047363,3,3,Q549998,node/4349818789,OpenTripMap
W352627893,Istituto Religioso Suore di San Giuseppe di Cluny,istituto religioso suore di san giuseppe di cluny,Rome,Italy,"religion,churches,monasteries,interesting_places,other_churches",41.89210510253906,12.500374794006348,3,3,Q3585353,way/352627893,OpenTripMap
R1899638,Forum of Augustus,forum of augustus,Rome,Italy,"historic,archaeology,interesting_places,other_archaeological_sites",41.89429473876953,12.48680305480957,7,7,Q770797,relation/1899638,OpenTripMap
W345610052,Aqua Felice,aqua felice,Rome,Italy,"bridges,architecture,interesting_places,aqueducts",41.89789581298828,12.509799003601074,3,3,Q14456361,way/345610052,OpenTripMap
R2054907,Wax Museum,wax museum,Rome,Italy,"cultural,museums,interesting_places,other_museums",41.897056579589844,12.483574867248535,7,7,Q3868139,relation/2054907,OpenTripMap
Q605721,Torre dei Conti,torre dei conti,Rome,Italy,"architecture,towers,interesting_places,other_towers",41.893611907958984,12.487916946411133,7,7,Q605721,,OpenTripMap
Q3670933,San Lorenzo ai Monti,san lorenzo ai monti,Rome,Italy,"religion,churches,interesting_places,other_churches",41.894527435302734,12.486305236816406,3,3,Q3670933,,OpenTripMap
W131235435,Oratorio del Crocifisso,oratorio del crocifisso,Rome,Italy,"religion,churches,interesting_places,other_churches",41.89958190917969,12.482013702392578,3,3,Q1165020,way/131235435,OpenTripMap
W140383956,Santa Maria della neve al Colosseo,santa maria della neve al colosseo,Rome,Italy,"religion,churches,interesting_places,catholic_churches",41.89262771606445,12.49014949798584,7,7,Q3673872,way/140383956,OpenTripMap
Q3674109,Santa Maria in Carinis,santa maria in carinis,Rome,Italy,"religion,churches,interesting_places,other_churches",41.89295196533203,12.489039421081543,3,3,Q3674109,,OpenTripMap
N3585887800,Cappella di Sant'Elena,cappella di sant'elena,Rome,Italy,"religion,churches,interesting_places,other_churches",41.892616271972656,12.502952575683594,3,3,Q2957144,node/3585887800,OpenTripMap
Q3889852,Palazzo Chigi-Odescalchi,palazzo chigi-odescalchi,Rome,Italy,"palaces,architecture,historic_architecture,interesting_places",41.898223876953125,12.482527732849121,7,7,Q3889852,,OpenTripMap
W352627894,Chiesa di San Giuseppe di Cluny,chiesa di san giuseppe di cluny,Rome,Italy,"religion,churches,interesting_places,catholic_churches",41.89194107055664,12.50057601928711,3,3,Q3585353,way/352627894,OpenTripMap
Q42195908,Saint Susanna,saint susanna,Rome,Italy,"historic,cultural,urban_environment,monuments_and_memorials,interesting_places,sculptures,monuments",41.89611053466797,12.484167098999023,3,3,Q42195908,,OpenTripMap
W201751102,Chiesa dei Santi Giorgio e Martiri inglesi,chiesa dei santi giorgio e martiri inglesi,Rome,Italy,"religion,churches,interesting_places,catholic_churches",41.90696716308594,12.482254981994629,3,3,Q3668193,way/201751102,OpenTripMap
N4798279227,Domus Romane di Palazzo Valentini,domus romane di palazzo valentini,Rome,Italy,"palaces,architecture,historic_architecture,interesting_places",41.89609909057617,12.484100341796875,7,7,Q751105,node/4798279227,OpenTripMap
R1391821,MACRO - Museo d'Arte Contemporanea,macro - museo d'arte contemporanea,Rome,Italy,"cultural,museums,interesting_places,art_galleries",41.9130744934082,12.5029878616333,7,7,Q2669644,relation/1391821,OpenTripMap
R2051623,Basilica Ulpia,basilica ulpia,Rome,Italy,"architecture,historic_architecture,historic,archaeology,interesting_places,destroyed_objects,other_archaeological_sites",41.895572662353516,12.484565734863281,3,3,Q1266234,relation/2051623,OpenTripMap
Q3672881,Sant'Urbano a Campo Carleo (Rome),sant'urbano a campo carleo (rome),Rome,Italy,"religion,churches,interesting_places,other_churches",41.89460372924805,12.485737800598145,3,3,Q3672881,,OpenTripMap
R3376015,Trajan's Column,trajan's column,Rome,Italy,"historic,urban_environment,archaeology,other_archaeological_sites,monuments_and_memorials,burial_places,cultural,interesting_places,other_burial_places,sculptures,monuments",41.89582061767578,12.484268188476562,3,3,Q192784,relation/3376015,OpenTripMap
Q1857818,equestrian statue of Trajan,equestrian statue of trajan,Rome,Italy,"historic,cultural,urban_environment,monuments_and_memorials,interesting_places,sculptures,monuments",41.89506149291992,12.485130310058594,3,3,Q1857818,,OpenTripMap
Q21328958,Domus Aurea,domus aurea,Rome,Italy,"historic,archaeology,interesting_places,other_archaeological_sites",41.891387939453125,12.495277404785156,3,3,Q21328958,,OpenTripMap
W201933488,Domus Aurea,domus aurea,Rome,Italy,"settlements,palaces,architecture,historic_architecture,historic,archaeology,interesting_places,roman_villas",41.89140701293945,12.494673728942871,3,3,Q622438,way/201933488,OpenTripMap
Q3669123,Resurrezione di Nostro Signore Gesù Cristo,resurrezione di nostro signore gesù cristo,Rome,Italy,"religion,churches,interesting_places,other_churches",41.907352447509766,12.48225212097168,3,3,Q3669123,,OpenTripMap
Q3890902,Palazzo Silvestri-Rivaldi,palazzo silvestri-rivaldi,Rome,Italy,"palaces,architecture,historic_architecture,interesting_places",41.892555236816406,12.489444732666016,3,3,Q3890902,,OpenTripMap
W52458908,San Marcello al Corso,san marcello al corso,Rome,Italy,"religion,churches,interesting_places,catholic_churches",41.898685455322266,12.48196792602539,7,7,Q972881,way/52458908,OpenTripMap
W141405216,Teatro Ambra Jovinelli,teatro ambra jovinelli,Rome,Italy,"cultural,theatres_and_entertainments,interesting_places,other_theatres",41.89549255371094,12.508353233337402,3,3,Q3981904,way/141405216,OpenTripMap
W201287519,Monumento a Goethe,monumento a goethe,Rome,Italy,"historic,monuments_and_memorials,urban_environment,cultural,interesting_places,sculptures,monuments",41.91154479980469,12.486334800720215,3,3,Q1534099,way/201287519,OpenTripMap
N4891858022,Villa Medici,villa medici,Rome,Italy,"cultural,museums,interesting_places,art_galleries",41.90827178955078,12.482720375061035,3,3,Q337494,node/4891858022,OpenTripMap
Q945850,Apollo and Daphne,apollo and daphne,Rome,Italy,"historic,cultural,urban_environment,monuments_and_memorials,interesting_places,sculptures,monuments",41.91388702392578,12.491944313049316,3,3,Q945850,,OpenTripMap
W96644465,MACRO - Museo d'Arte Contemporanea Roma,macro - museo d'arte contemporanea roma,Rome,Italy,"cultural,museums,interesting_places,art_galleries",41.913238525390625,12.503127098083496,7,7,Q2669644,way/96644465,OpenTripMap
Q216568,Imperial fora,imperial fora,Rome,Italy,"historic,archaeology,interesting_places,other_archaeological_sites",41.89444351196289,12.485555648803711,3,3,Q216568,,OpenTripMap
N8554558030,Caligula's Nymphaeum (Horti Lamiani),caligula's nymphaeum (horti lamiani),Rome,Italy,"historic,archaeology,interesting_places,roman_villas",41.89353942871094,12.505824089050293,3,3,Q1777094,node/8554558030,OpenTripMap
Q31889557,Santa Maria inter Duo,santa maria inter duo,Rome,Italy,"religion,churches,interesting_places,other_churches",41.89175033569336,12.491499900817871,3,3,Q31889557,,OpenTripMap
N566650172,Porta San Lorenzo,porta san lorenzo,Rome,Italy,"fortifications,defensive_walls,historic,interesting_places",41.89748001098633,12.510310173034668,3,3,Q186990,node/566650172,OpenTripMap
Q3674130,Santa Maria in Macello Martyrum,santa maria in macello martyrum,Rome,Italy,"religion,churches,interesting_places,other_churches",41.893558502197266,12.486872673034668,7,7,Q3674130,,OpenTripMap
W140031975,Santa Maria di Loreto,santa maria di loreto,Rome,Italy,"religion,churches,interesting_places,catholic_churches",41.895973205566406,12.483708381652832,3,3,Q461997,way/140031975,OpenTripMap
W201944797,Baths of Trajan,baths of trajan,Rome,Italy,"architecture,historic_architecture,historic,archaeology,interesting_places,baths_and_saunas,destroyed_objects,saunas,other_archaeological_sites,amusements",41.891151428222656,12.4971923828125,3,3,Q599035,way/201944797,OpenTripMap
Q7848306,Truth,truth,Rome,Italy,"historic,cultural,urban_environment,monuments_and_memorials,interesting_places,sculptures,monuments",41.91400146484375,12.491999626159668,3,3,Q7848306,,OpenTripMap
Q3725175,"Aeneas, Anchises and Ascanius","aeneas, anchises and ascanius",Rome,Italy,"historic,cultural,urban_environment,monuments_and_memorials,interesting_places,sculptures,monuments",41.91400146484375,12.491999626159668,3,3,Q3725175,,OpenTripMap
Q2352789,The Rape of Proserpina,the rape of proserpina,Rome,Italy,"historic,cultural,urban_environment,monuments_and_memorials,interesting_places,sculptures,monuments",41.91400146484375,12.491999626159668,3,3,Q2352789,,OpenTripMap
Q2755218,The Goat Amalthea with the Infant Jupiter and a Faun,the goat amalthea with the infant jupiter and a faun,Rome,Italy,"historic,cultural,urban_environment,monuments_and_memorials,interesting_places,sculptures,monuments",41.91400146484375,12.491999626159668,3,3,Q2755218,,OpenTripMap
Q766487,David,david,Rome,Italy,"historic,cultural,urban_environment,monuments_and_memorials,interesting_places,sculptures,monuments",41.91400146484375,12.491999626159668,3,3,Q766487,,OpenTripMap
Q16534303,Bust of Cardinal Scipione Borghese (first version),bust of cardinal scipione borghese (first version),Rome,Italy,"historic,cultural,urban_environment,monuments_and_memorials,interesting_places,sculptures,monuments",41.91400146484375,12.491999626159668,3,3,Q16534303,,OpenTripMap
W23442671,Villa Medici,villa medici,Rome,Italy,"palaces,architecture,historic_architecture,interesting_places",41.90830612182617,12.482466697692871,3,3,Q1362663,way/23442671,OpenTripMap
Q7126977,Palazzo Bolognetti-Torlonia,palazzo bolognetti-torlonia,Rome,Italy,"palaces,architecture,historic_architecture,interesting_places",41.8964729309082,12.483111381530762,3,3,Q7126977,,OpenTripMap
N4769984122,Giulio Cesare,giulio cesare,Rome,Italy,"historic,monuments_and_memorials,urban_environment,archaeology,cultural,interesting_places,other_archaeological_sites,sculptures,squares,monuments",41.8943977355957,12.485363960266113,7,7,Q856968,node/4769984122,OpenTripMap
Q56514136,San Matteo in Merulana,san matteo in merulana,Rome,Italy,"religion,churches,interesting_places,other_churches",41.89191818237305,12.502355575561523,3,3,Q56514136,,OpenTripMap
Q3663175,Catacomb of San Nicomede,catacomb of san nicomede,Rome,Italy,"cemeteries,historic,archaeology,burial_places,interesting_places,other_archaeological_sites",41.910888671875,12.507861137390137,3,3,Q3663175,,OpenTripMap
N6555640166,Ingresso Domus Aurea,ingresso domus aurea,Rome,Italy,"settlements,palaces,architecture,historic_architecture,historic,archaeology,interesting_places,roman_villas",41.89107131958008,12.49533462524414,3,3,Q622438,node/6555640166,OpenTripMap
Q56650659,Palazzo Sciarra Colonna di Carbognano (Rome),palazzo sciarra colonna di carbognano (rome),Rome,Italy,"palaces,architecture,historic_architecture,interesting_places",41.89961242675781,12.481194496154785,3,3,Q56650659,,OpenTripMap
N1440405490,Galleria Borghese,galleria borghese,Rome,Italy,"cultural,museums,interesting_places,art_galleries",41.914119720458984,12.492060661315918,7,7,Q841506,node/1440405490,OpenTripMap
Q17051524,Palazzo Núñez-Torlonia,palazzo núñez-torlonia,Rome,Italy,"palaces,architecture,historic_architecture,interesting_places",41.904762268066406,12.480801582336426,3,3,Q17051524,,OpenTripMap
Q26256808,Santa Maria ad Busta Gallica,santa maria ad busta gallica,Rome,Italy,"religion,churches,interesting_places,other_churches",41.89186096191406,12.490528106689453,3,3,Q26256808,,OpenTripMap
W102290915,Via dei Fori Imperiali,via dei fori imperiali,Rome,Italy,"cultural,museums,urban_environment,interesting_places,other_museums,squares",41.8934440612793,12.486786842346191,3,3,Q3944600,way/102290915,OpenTripMap
Q56636318,Palazzo della Banca Commerciale Italiana (Roma),palazzo della banca commerciale italiana (roma),Rome,Italy,"palaces,architecture,historic_architecture,interesting_places",41.900360107421875,12.480889320373535,3,3,Q56636318,,OpenTripMap
Q1222097,Villa Borghese Pinciana,villa borghese pinciana,Rome,Italy,"palaces,architecture,historic_architecture,museums,cultural,interesting_places,other_museums",41.91419219970703,12.492194175720215,3,3,Q1222097,,OpenTripMap
W52458682,Piazza di San Marcello,piazza di san marcello,Rome,Italy,"religion,churches,urban_environment,cultural,interesting_places,squares,other_churches",41.898616790771484,12.481532096862793,7,7,Q972881,way/52458682,OpenTripMap
Q56706499,Palazzo Marignoli,palazzo marignoli,Rome,Italy,"palaces,architecture,historic_architecture,interesting_places",41.9023323059082,12.480500221252441,3,3,Q56706499,,OpenTripMap
R449593,Chiesa di San Silvestro in Capite,chiesa di san silvestro in capite,Rome,Italy,"religion,churches,interesting_places,catholic_churches",41.903175354003906,12.480493545532227,7,7,Q1625428,relation/449593,OpenTripMap
R325554,Galleria Alberto Sordi,galleria alberto sordi,Rome,Italy,"palaces,architecture,historic_architecture,interesting_places",41.90108108520508,12.480631828308105,3,3,Q1608940,relation/325554,OpenTripMap
N5978649686,Colosseum,colosseum,Rome,Italy,"view_points,other,sport,mineshafts,architecture,historic,archaeology,other_archaeological_sites,industrial_facilities,historic_architecture,cultural,theatres_and_entertainments,interesting_places,music_venues,amphitheatres,stadiums",41.89101028442383,12.494349479675293,7,7,Q10285,node/5978649686,OpenTripMap
Q1098370,Arch of Claudius,arch of claudius,Rome,Italy,"architecture,historic_architecture,historic,monuments_and_memorials,archaeology,interesting_places,other_archaeological_sites,monuments,triumphal_archs",41.899314880371094,12.481097221374512,3,3,Q1098370,,OpenTripMap
Q16528148,Arch of Marcus Aurelius (Rome),arch of marcus aurelius (rome),Rome,Italy,"historic,archaeology,interesting_places,other_archaeological_sites",41.9015007019043,12.48047161102295,3,3,Q16528148,,OpenTripMap
Q66071197,Santa Maria de Ferrariis,santa maria de ferrariis,Rome,Italy,"religion,churches,interesting_places,other_churches",41.89127731323242,12.49222183227539,3,3,Q66071197,,OpenTripMap
R415304,Palazzo Magistrale,palazzo magistrale,Rome,Italy,"architecture,historic_architecture,interesting_places,other_buildings_and_structures",41.905418395996094,12.480746269226074,3,3,Q2329591,relation/415304,OpenTripMap
Q7592666,St Bibiana,st bibiana,Rome,Italy,"historic,cultural,urban_environment,monuments_and_memorials,interesting_places,sculptures,monuments",41.89555358886719,12.509188652038574,3,3,Q7592666,,OpenTripMap
Q2859847,Arcus Novus,arcus novus,Rome,Italy,"architecture,historic_architecture,historic,monuments_and_memorials,interesting_places,monuments,triumphal_archs",41.898170471191406,12.481559753417969,3,3,Q2859847,,OpenTripMap
N7239169954,Giulio Cesare,giulio cesare,Rome,Italy,"historic,monuments_and_memorials,urban_environment,archaeology,cultural,interesting_places,other_archaeological_sites,sculptures,squares,monuments",41.894134521484375,12.485260963439941,7,7,Q856968,node/7239169954,OpenTripMap
Q3360896,Palazzo Mancini,palazzo mancini,Rome,Italy,"palaces,architecture,historic_architecture,interesting_places",41.897499084472656,12.48194408416748,3,3,Q3360896,,OpenTripMap
W141407415,Chiesa di Santa Bibiana,chiesa di santa bibiana,Rome,Italy,"religion,churches,interesting_places,catholic_churches",41.895545959472656,12.509241104125977,3,3,Q1815475,way/141407415,OpenTripMap
N2674284221,Auditorium of Hadrian,auditorium of hadrian,Rome,Italy,"historic,archaeology,interesting_places,other_archaeological_sites",41.89583969116211,12.48324203491211,3,3,Q755454,node/2674284221,OpenTripMap
N5242871521,Pjazza di Spagna,pjazza di spagna,Rome,Italy,"palaces,architecture,historic_architecture,interesting_places,restaurants,foods,tourist_facilities",41.90586471557617,12.480785369873047,3,3,Q9054484,node/5242871521,OpenTripMap
W108643531,Chiesa della Divina Sapienza,chiesa della divina sapienza,Rome,Italy,"religion,churches,interesting_places,catholic_churches",41.90353012084961,12.512531280517578,3,3,Q3668898,way/108643531,OpenTripMap
N281348354,Fontana del Facchino,fontana del facchino,Rome,Italy,"fountains,historic,monuments_and_memorials,urban_environment,cultural,interesting_places,sculptures,monuments",41.8983039855957,12.481382369995117,3,3,Q3968656,node/281348354,OpenTripMap
Q3889693,Palazzo Bonaparte,palazzo bonaparte,Rome,Italy,"palaces,architecture,historic_architecture,interesting_places",41.897499084472656,12.481800079345703,3,3,Q3889693,,OpenTripMap
N706793341,Palazzo Doria Pamphilj,palazzo doria pamphilj,Rome,Italy,"cultural,museums,interesting_places,art_galleries",41.897823333740234,12.481560707092285,7,7,Q385387,node/706793341,OpenTripMap
W44639492,Aurelian Walls,aurelian walls,Rome,Italy,"fortifications,defensive_walls,historic,archaeology,interesting_places,other_archaeological_sites",41.89704513549805,12.510725021362305,7,7,Q625149,way/44639492,OpenTripMap
Q3889980,Palazzo de Carolis,palazzo de carolis,Rome,Italy,"palaces,architecture,historic_architecture,interesting_places",41.8985710144043,12.48112964630127,3,3,Q3889980,,OpenTripMap
W201735344,Fontana di piazza colonna,fontana di piazza colonna,Rome,Italy,"fountains,historic,monuments_and_memorials,urban_environment,cultural,interesting_places,sculptures,monuments",41.90091323852539,12.480278015136719,3,3,Q3747429,way/201735344,OpenTripMap
Q476787,Aqua Julia,aqua julia,Rome,Italy,"architecture,bridges,historic,archaeology,interesting_places,other_archaeological_sites,aqueducts",41.8969612121582,12.510719299316406,3,3,Q476787,,OpenTripMap
Q31856922,Santa Maria Maddalena delle Convertite,santa maria maddalena delle convertite,Rome,Italy,"religion,churches,interesting_places,other_churches",41.90236282348633,12.480083465576172,3,3,Q31856922,,OpenTripMap
W130807533,Santa Maria in Via Lata,santa maria in via lata,Rome,Italy,"religion,churches,interesting_places,catholic_churches",41.898101806640625,12.481307029724121,7,7,Q846559,way/130807533,OpenTripMap
W204040113,Mausoleo di Lucilio Peto,mausoleo di lucilio peto,Rome,Italy,"historic,monuments_and_memorials,burial_places,archaeology,interesting_places,other_archaeological_sites,mausoleums,monuments",41.91498565673828,12.49658489227295,3,3,Q27808180,way/204040113,OpenTripMap
Q3891056,Palazzo Verospi Vitelleschi,palazzo verospi vitelleschi,Rome,Italy,"palaces,architecture,historic_architecture,interesting_places",41.897220611572266,12.481833457946777,3,3,Q3891056,,OpenTripMap
R1826132,Tempio della Pace,tempio della pace,Rome,Italy,"religion,other_temples,historic,archaeology,interesting_places,other_archaeological_sites",41.892303466796875,12.488056182861328,3,3,Q1456939,relation/1826132,OpenTripMap
W130807646,Oratorio di San Francesco Saverio,oratorio di san francesco saverio,Rome,Italy,"religion,churches,interesting_places,other_churches",41.899112701416016,12.48076343536377,7,7,Q1523718,way/130807646,OpenTripMap
Q1630231,Horti Aciliorum,horti aciliorum,Rome,Italy,"historic,gardens_and_parks,cultural,urban_environment,archaeology,interesting_places,other_archaeological_sites",41.912498474121094,12.48639965057373,3,3,Q1630231,,OpenTripMap
W134605422,Temple of Venus Genetrix,temple of venus genetrix,Rome,Italy,"religion,architecture,historic_architecture,other_temples,historic,archaeology,interesting_places,destroyed_objects,other_archaeological_sites",41.89406967163086,12.484772682189941,3,3,Q2459870,way/134605422,OpenTripMap
R1809171,Temple of Venus Genetrix,temple of venus genetrix,Rome,Italy,"historic,archaeology,interesting_places,other_archaeological_sites",41.89406967163086,12.484772682189941,3,3,Q2459870,relation/1809171,OpenTripMap
R1899639,Forum of Nerva,forum of nerva,Rome,Italy,"historic,archaeology,interesting_places,other_archaeological_sites",41.89311599731445,12.486194610595703,3,3,Q686911,relation/1899639,OpenTripMap
Q22691868,Palazzo Ferrajoli,palazzo ferrajoli,Rome,Italy,"palaces,architecture,historic_architecture,interesting_places",41.90067672729492,12.48009967803955,3,3,Q22691868,,OpenTripMap
R1841167,Tempio della Pace,tempio della pace,Rome,Italy,"religion,other_temples,historic,archaeology,interesting_places,other_archaeological_sites",41.8928108215332,12.486662864685059,3,3,Q1456939,relation/1841167,OpenTripMap
Q3585435,Santa Maria della Pietà al Colosseo,santa maria della pietà al colosseo,Rome,Italy,"religion,churches,interesting_places,catholic_churches",41.89080047607422,12.492500305175781,3,3,Q3585435,,OpenTripMap
N1387899682,Sacrario delle Bandiere delle Forze Armate,sacrario delle bandiere delle forze armate,Rome,Italy,"cultural,museums,interesting_places,other_museums",41.894920349121094,12.483586311340332,3,3,Q3944600,node/1387899682,OpenTripMap
W201735339,Column of Marcus Aurelius,column of marcus aurelius,Rome,Italy,"historic,monuments_and_memorials,burial_places,urban_environment,archaeology,cultural,interesting_places,other_archaeological_sites,other_burial_places,sculptures,monuments",41.900848388671875,12.479987144470215,3,3,Q265384,way/201735339,OpenTripMap
R1841081,Forum of Caesar,forum of caesar,Rome,Italy,"historic,urban_environment,archaeology,cultural,interesting_places,other_archaeological_sites,squares",41.8937873840332,12.484992027282715,7,7,Q856968,relation/1841081,OpenTripMap
Q3672481,chiesa di Sant'Andrea della Colonna,chiesa di sant'andrea della colonna,Rome,Italy,"religion,churches,interesting_places,other_churches",41.900943756103516,12.479944229125977,3,3,Q3672481,,OpenTripMap
W124808519,Sepolcro di Gaio Poplicio Bibulo,sepolcro di gaio poplicio bibulo,Rome,Italy,"architecture,historic_architecture,historic,archaeology,interesting_places,destroyed_objects,other_archaeological_sites",41.895233154296875,12.48320198059082,3,3,Q3955650,way/124808519,OpenTripMap
Q31889764,Madonna della Carità del Letterato,madonna della carità del letterato,Rome,Italy,"religion,churches,interesting_places,other_churches",41.902889251708984,12.479722023010254,3,3,Q31889764,,OpenTripMap
Q2047548,Palazzo Chigi,palazzo chigi,Rome,Italy,"palaces,architecture,historic_architecture,interesting_places",41.90119934082031,12.479835510253906,7,7,Q2047548,,OpenTripMap
Q3661788,Villa Borghese,villa borghese,Rome,Italy,"palaces,architecture,historic_architecture,interesting_places",41.912841796875,12.486536026000977,3,3,Q3661788,,OpenTripMap
Q2157592,Roman College,roman college,Rome,Italy,"palaces,architecture,historic_architecture,interesting_places",41.89872360229492,12.480610847473145,7,7,Q2157592,,OpenTripMap
N5296423361,Winged Victory,winged victory,Rome,Italy,"urban_environment,cultural,interesting_places,sculptures",41.894744873046875,12.483662605285645,7,7,Q506234,node/5296423361,OpenTripMap
Q3884476,Oratorio del Santissimo Sacramento di San Lorenzo in Lucina,oratorio del santissimo sacramento di san lorenzo in lucina,Rome,Italy,"religion,other_temples,interesting_places",41.90460968017578,12.47986125946045,3,3,Q3884476,,OpenTripMap
Q7698744,Temple of Marcus Aurelius,temple of marcus aurelius,Rome,Italy,"historic,archaeology,interesting_places,other_archaeological_sites",41.90083312988281,12.47986125946045,3,3,Q7698744,,OpenTripMap
Q1980093,Basilica Argentaria,basilica argentaria,Rome,Italy,"historic,archaeology,interesting_places,other_archaeological_sites",41.89409255981445,12.484411239624023,3,3,Q1980093,,OpenTripMap
R1841078,Basilica of Maxentius,basilica of maxentius,Rome,Italy,"historic,archaeology,interesting_places,other_archaeological_sites",41.891815185546875,12.48841667175293,7,7,Q371921,relation/1841078,OpenTripMap
W130920774,Santi Bartolomeo e Alessandro a Piazza Colonna,santi bartolomeo e alessandro a piazza colonna,Rome,Italy,"religion,churches,interesting_places,catholic_churches",41.90042495727539,12.4799222946167,3,3,Q1106186,way/130920774,OpenTripMap
Q2003340,Forum Piscarium,forum piscarium,Rome,Italy,"historic,archaeology,interesting_places,other_archaeological_sites,shops,marketplaces,tourist_facilities",41.8927001953125,12.486499786376953,3,3,Q2003340,,OpenTripMap
Q3621783,Arco di Portogallo,arco di portogallo,Rome,Italy,"historic,archaeology,interesting_places,other_archaeological_sites",41.903099060058594,12.479599952697754,3,3,Q3621783,,OpenTripMap
N6697475311,Winged Victory,winged victory,Rome,Italy,"urban_environment,cultural,interesting_places,sculptures",41.895172119140625,12.48304271697998,7,7,Q506234,node/6697475311,OpenTripMap
Q1289781,Colossus of Constantine,colossus of constantine,Rome,Italy,"historic,cultural,urban_environment,monuments_and_memorials,interesting_places,sculptures,monuments",41.89179992675781,12.488300323486328,3,3,Q1289781,,OpenTripMap
Q56686044,Collegio dei Bergamaschi,collegio dei bergamaschi,Rome,Italy,"palaces,architecture,historic_architecture,interesting_places",41.900169372558594,12.479912757873535,3,3,Q56686044,,OpenTripMap
N4398812618,Chiesa di Santa Maria Immacolata a Villa Borghese,chiesa di santa maria immacolata a villa borghese,Rome,Italy,"religion,churches,interesting_places,other_churches",41.912925720214844,12.48643684387207,3,3,Q3673407,node/4398812618,OpenTripMap
N5296423360,Winged Victory,winged victory,Rome,Italy,"urban_environment,cultural,interesting_places,sculptures",41.89470291137695,12.48349666595459,7,7,Q506234,node/5296423360,OpenTripMap
W709011412,pedestal of colossus of Nero,pedestal of colossus of nero,Rome,Italy,"architecture,historic_architecture,historic,monuments_and_memorials,urban_environment,cultural,interesting_places,destroyed_objects,sculptures,monuments",41.890872955322266,12.490992546081543,3,3,Q1570519,way/709011412,OpenTripMap
Q1615030,Porta Fontinalis,porta fontinalis,Rome,Italy,"fortifications,historic,defensive_walls,archaeology,interesting_places,other_archaeological_sites",41.89400100708008,12.484299659729004,3,3,Q1615030,,OpenTripMap
R1826131,Santi Cosma e Damiano,santi cosma e damiano,Rome,Italy,"religion,churches,interesting_places,catholic_churches",41.892086029052734,12.487480163574219,7,7,Q675513,relation/1826131,OpenTripMap
Q60970091,Santo Stefano del Trullo,santo stefano del trullo,Rome,Italy,"religion,churches,interesting_places,other_churches",41.90011215209961,12.479832649230957,3,3,Q60970091,,OpenTripMap
Q352799,Temple of Janus,temple of janus,Rome,Italy,"religion,architecture,historic_architecture,other_temples,historic,archaeology,interesting_places,destroyed_objects,other_archaeological_sites",41.892982482910156,12.485721588134766,3,3,Q352799,,OpenTripMap
Q88875751,Palazzo delle Casse di Risparmio Postali,palazzo delle casse di risparmio postali,Rome,Italy,"palaces,architecture,historic_architecture,interesting_places",41.8916015625,12.504300117492676,3,3,Q88875751,,OpenTripMap
Q2901253,Biblioteca di archeologia e storia dell'arte,biblioteca di archeologia e storia dell'arte,Rome,Italy,"other,unclassified_objects,interesting_places,historic_object",41.89625549316406,12.48182487487793,7,7,Q2901253,,OpenTripMap
Q60823154,San Paolo alla Colonna,san paolo alla colonna,Rome,Italy,"religion,churches,interesting_places,other_churches",41.900638580322266,12.479582786560059,3,3,Q60823154,,OpenTripMap
Q2456087,Temple of Jupiter Feretrius,temple of jupiter feretrius,Rome,Italy,"religion,other_temples,historic,archaeology,interesting_places,other_archaeological_sites",41.891998291015625,12.48740005493164,3,3,Q2456087,,OpenTripMap
Q2579576,Temple of Jupiter Stator,temple of jupiter stator,Rome,Italy,"religion,other_temples,interesting_places",41.891998291015625,12.48740005493164,3,3,Q2579576,,OpenTripMap
Q2366679,Clivus Argentarius,clivus argentarius,Rome,Italy,"historic,archaeology,interesting_places,other_archaeological_sites",41.893653869628906,12.484505653381348,3,3,Q2366679,,OpenTripMap
R1894844,Ludus Magnus,ludus magnus,Rome,Italy,"architecture,historic_architecture,historic,archaeology,cultural,theatres_and_entertainments,interesting_places,music_venues,other_archaeological_sites,amphitheatres",41.89011001586914,12.494963645935059,3,3,Q1232473,relation/1894844,OpenTripMap
R1766532,Basilica Aemilia,basilica aemilia,Rome,Italy,"architecture,historic_architecture,historic,archaeology,interesting_places,destroyed_objects,other_archaeological_sites",41.89260482788086,12.486146926879883,3,3,Q522924,relation/1766532,OpenTripMap
Q1056799,Palazzo Wedekind,palazzo wedekind,Rome,Italy,"palaces,architecture,historic_architecture,interesting_places",41.90085983276367,12.479477882385254,3,3,Q1056799,,OpenTripMap
R1841086,San Lorenzo in Miranda,san lorenzo in miranda,Rome,Italy,"religion,churches,interesting_places,catholic_churches",41.89225769042969,12.486757278442383,3,3,Q3585359,relation/1841086,OpenTripMap
N5296473121,Goddess of Rome,goddess of rome,Rome,Italy,"settlements,historic,urban_environment,archaeology,cultural,interesting_places,sculptures",41.8949089050293,12.48293685913086,3,3,Q220,node/5296473121,OpenTripMap
Q3621777,Portico of Gaius and Lucius,portico of gaius and lucius,Rome,Italy,"historic,archaeology,interesting_places,other_archaeological_sites",41.89263153076172,12.48603343963623,3,3,Q3621777,,OpenTripMap
W140186882,Palazzo Venezia,palazzo venezia,Rome,Italy,"palaces,architecture,historic_architecture,interesting_places",41.896053314208984,12.48182201385498,7,7,Q1123879,way/140186882,OpenTripMap
R1834818,Colosseum,colosseum,Rome,Italy,"sport,mineshafts,architecture,historic,archaeology,other_archaeological_sites,industrial_facilities,historic_architecture,cultural,theatres_and_entertainments,interesting_places,music_venues,amphitheatres,stadiums",41.890262603759766,12.493086814880371,7,7,Q10285,relation/1834818,OpenTripMap
Q5194731,Curia Cornelia,curia cornelia,Rome,Italy,"architecture,historic_architecture,interesting_places,destroyed_objects",41.8930549621582,12.485278129577637,3,3,Q5194731,,OpenTripMap
Q1144512,Curia Hostilia,curia hostilia,Rome,Italy,"historic,archaeology,interesting_places,other_archaeological_sites",41.8930549621582,12.485278129577637,3,3,Q1144512,,OpenTripMap
W137278969,Santi Luca e Martina al Foro Romano,santi luca e martina al foro romano,Rome,Italy,"religion,churches,interesting_places,catholic_churches",41.89317321777344,12.485075950622559,3,3,Q1813867,way/137278969,OpenTripMap
Q62021853,Santa Martina in Tribus Foris,santa martina in tribus foris,Rome,Italy,"religion,churches,interesting_places,other_churches",41.893165588378906,12.485082626342773,3,3,Q62021853,,OpenTripMap
N4376017562,Museo Nazionale del Palazzo di Venezia,museo nazionale del palazzo di venezia,Rome,Italy,"cultural,museums,interesting_places,other_museums",41.896366119384766,12.481534004211426,7,7,Q1954305,node/4376017562,OpenTripMap
W73811772,Santissima Trinità a Via Condotti,santissima trinità a via condotti,Rome,Italy,"religion,churches,interesting_places,catholic_churches",41.904541015625,12.47935962677002,3,3,Q512703,way/73811772,OpenTripMap
R1841079,Curia Julia,curia julia,Rome,Italy,"historic,archaeology,interesting_places,other_archaeological_sites",41.89295959472656,12.485391616821289,3,3,Q1144514,relation/1841079,OpenTripMap
W130182466,Monument to Vittorio Emanuele II,monument to vittorio emanuele ii,Rome,Italy,"historic,monuments_and_memorials,urban_environment,cultural,interesting_places,sculptures,monuments",41.8947868347168,12.482976913452148,3,3,Q63759614,way/130182466,OpenTripMap
Q810068,Basilica Porcia,basilica porcia,Rome,Italy,"historic,archaeology,interesting_places,other_archaeological_sites",41.89331817626953,12.484819412231445,3,3,Q810068,,OpenTripMap
R1849830,Monument to Vittorio Emanuele II,monument to vittorio emanuele ii,Rome,Italy,"architecture,historic_architecture,interesting_places,other_buildings_and_structures",41.89468765258789,12.48306655883789,7,7,Q506234,relation/1849830,OpenTripMap
N6697475312,Winged Victory,winged victory,Rome,Italy,"urban_environment,cultural,interesting_places,sculptures",41.89508056640625,12.48264217376709,7,7,Q506234,node/6697475312,OpenTripMap
Q3672239,Sant'Adriano al Foro,sant'adriano al foro,Rome,Italy,"religion,churches,interesting_places,other_churches",41.89289855957031,12.485400199890137,3,3,Q3672239,,OpenTripMap
Q1501204,Gemonian stairs,gemonian stairs,Rome,Italy,"historic,archaeology,interesting_places,other_archaeological_sites",41.893333435058594,12.484722137451172,3,3,Q1501204,,OpenTripMap
N2263022046,Temple of Romulus,temple of romulus,Rome,Italy,"religion,other_temples,historic,archaeology,interesting_places,other_archaeological_sites",41.89191436767578,12.487214088439941,3,3,Q338397,node/2263022046,OpenTripMap
R1841091,Tempio di Venere e Roma,tempio di venere e roma,Rome,Italy,"religion,architecture,historic_architecture,other_temples,historic,archaeology,interesting_places,destroyed_objects,other_archaeological_sites",41.8908576965332,12.489996910095215,3,3,Q430792,relation/1841091,OpenTripMap
W352406788,Chiesa di Sant'Anna al Laterano,chiesa di sant'anna al laterano,Rome,Italy,"religion,churches,interesting_places,catholic_churches",41.89070510864258,12.502289772033691,3,3,Q3585392,way/352406788,OpenTripMap
R1849831,Museo Centrale del Risorgimento,museo centrale del risorgimento,Rome,Italy,"cultural,museums,interesting_places,other_museums",41.89397430419922,12.483753204345703,7,7,Q3867752,relation/1849831,OpenTripMap
Q81445064,Santi Pietro e Paolo in Via Sacra,santi pietro e paolo in via sacra,Rome,Italy,"religion,churches,interesting_places,other_churches",41.89116668701172,12.488861083984375,3,3,Q81445064,,OpenTripMap
Q3874142,necropoli del tempio di Antonino Pio e Faustina,necropoli del tempio di antonino pio e faustina,Rome,Italy,"cemeteries,historic,archaeology,burial_places,interesting_places,necropolises,other_archaeological_sites",41.891998291015625,12.4868803024292,3,3,Q3874142,,OpenTripMap
W130807528,Piazza del Collegio Romano,piazza del collegio romano,Rome,Italy,"religion,churches,interesting_places,other_churches",41.89786148071289,12.480358123779297,3,3,Q3674173,way/130807528,OpenTripMap
R1841090,Temple of Antoninus and Faustina,temple of antoninus and faustina,Rome,Italy,"religion,architecture,historic_architecture,other_temples,interesting_places,destroyed_objects",41.89209747314453,12.486648559570312,3,3,Q752555,relation/1841090,OpenTripMap
R1841087,Basilica di Santa Maria Nova,basilica di santa maria nova,Rome,Italy,"religion,churches,interesting_places,catholic_churches",41.891170501708984,12.488776206970215,7,7,Q1091640,relation/1841087,OpenTripMap
W140031952,Basilica di San Marco,basilica di san marco,Rome,Italy,"religion,churches,interesting_places,catholic_churches",41.89609909057617,12.4815034866333,7,7,Q1479910,way/140031952,OpenTripMap
R1766535,Tabernae Novae,tabernae novae,Rome,Italy,"architecture,historic_architecture,historic,archaeology,interesting_places,destroyed_objects,other_archaeological_sites",41.892452239990234,12.48591423034668,3,3,Q522924,relation/1766535,OpenTripMap
R2794129,Temple of Hadrian,temple of hadrian,Rome,Italy,"religion,other_temples,historic,archaeology,interesting_places,other_archaeological_sites",41.89979934692383,12.479430198669434,3,3,Q431062,relation/2794129,OpenTripMap
W968823615,Temple of Hadrian,temple of hadrian,Rome,Italy,"religion,other_temples,historic,archaeology,interesting_places,other_archaeological_sites",41.89979553222656,12.479430198669434,3,3,Q431062,way/968823615,OpenTripMap
W23840659,St Ignatius,st ignatius,Rome,Italy,"religion,churches,interesting_places,catholic_churches",41.89875030517578,12.47980785369873,7,7,Q1465674,way/23840659,OpenTripMap
N1447566606,Lapis Niger,lapis niger,Rome,Italy,"religion,architecture,historic_architecture,other_temples,urban_environment,cultural,interesting_places,destroyed_objects,sculptures",41.892791748046875,12.485183715820312,3,3,Q841388,node/1447566606,OpenTripMap
R1849827,Carcere Mamertino,carcere mamertino,Rome,Italy,"historic,archaeology,cultural,museums,interesting_places,other_museums,other_archaeological_sites",41.893165588378906,12.484588623046875,7,7,Q1035634,relation/1849827,OpenTripMap
W223391111,Chiesa San Tommaso Moro,chiesa san tommaso moro,Rome,Italy,"religion,churches,interesting_places,catholic_churches",41.89950180053711,12.513357162475586,3,3,Q3672135,way/223391111,OpenTripMap
R1841085,Sacello di Venere Cloacina,sacello di venere cloacina,Rome,Italy,"religion,architecture,historic_architecture,other_temples,interesting_places,destroyed_objects",41.8925666809082,12.485432624816895,3,3,Q203959,relation/1841085,OpenTripMap
N1447566604,Comizio,comizio,Rome,Italy,"architecture,historic_architecture,historic,archaeology,interesting_places,destroyed_objects,other_archaeological_sites",41.89273452758789,12.485122680664062,3,3,Q1114895,node/1447566604,OpenTripMap
Q1541300,Graecostasis,graecostasis,Rome,Italy,"historic,monuments_and_memorials,interesting_places,monuments",41.892799377441406,12.484999656677246,3,3,Q1541300,,OpenTripMap
R1849833,Chiesa di San Giuseppe dei Falegnami al Foro Romano,chiesa di san giuseppe dei falegnami al foro romano,Rome,Italy,"religion,churches,interesting_places,catholic_churches",41.89314651489258,12.484463691711426,7,7,Q1312988,relation/1849833,OpenTripMap
Q61274417,Santa Maria della Strada,santa maria della strada,Rome,Italy,"religion,churches,interesting_places,other_churches",41.898582458496094,12.479666709899902,3,3,Q61274417,,OpenTripMap
Q61368639,Santissima Annunziata,santissima annunziata,Rome,Italy,"religion,churches,interesting_places,other_churches",41.898582458496094,12.479666709899902,3,3,Q61368639,,OpenTripMap
W80220852,Basilica di San Lorenzo in Lucina,basilica di san lorenzo in lucina,Rome,Italy,"religion,churches,interesting_places,catholic_churches",41.90321350097656,12.478724479675293,7,7,Q1515316,way/80220852,OpenTripMap
Q3674009,Santa Maria delle Lauretane,santa maria delle lauretane,Rome,Italy,"religion,churches,interesting_places,other_churches",41.88963317871094,12.496077537536621,7,7,Q3674009,,OpenTripMap
R1765429,Regia,regia,Rome,Italy,"historic,archaeology,interesting_places,other_archaeological_sites",41.89192581176758,12.486416816711426,3,3,Q786489,relation/1765429,OpenTripMap
N5190702111,Santa Bibiana,santa bibiana,Rome,Italy,"religion,churches,interesting_places,other_churches",41.8946647644043,12.510335922241211,3,3,Q1815475,node/5190702111,OpenTripMap
R1841077,Arco di Augusto,arco di augusto,Rome,Italy,"architecture,historic_architecture,historic,monuments_and_memorials,archaeology,interesting_places,destroyed_objects,other_archaeological_sites,monuments,triumphal_archs",41.8919677734375,12.48629093170166,3,3,Q1232346,relation/1841077,OpenTripMap
Q16060292,Bust of Gabriele Fonseca,bust of gabriele fonseca,Rome,Italy,"historic,cultural,urban_environment,monuments_and_memorials,interesting_places,sculptures,monuments",41.90341567993164,12.478694915771484,3,3,Q16060292,,OpenTripMap
N5296423363,Winged Victory,winged victory,Rome,Italy,"urban_environment,cultural,interesting_places,sculptures",41.894500732421875,12.482619285583496,7,7,Q506234,node/5296423363,OpenTripMap
Q3890822,Palazzo San Macuto,palazzo san macuto,Rome,Italy,"palaces,architecture,historic_architecture,interesting_places",41.89904022216797,12.479401588439941,7,7,Q3890822,,OpenTripMap
W25640152,Santa Maria in Aracoeli,santa maria in aracoeli,Rome,Italy,"religion,churches,interesting_places,catholic_churches",41.89398956298828,12.483168601989746,7,7,Q318660,way/25640152,OpenTripMap
W49824161,Arch of Septimius Severus,arch of septimius severus,Rome,Italy,"architecture,historic_architecture,historic,monuments_and_memorials,archaeology,interesting_places,other_archaeological_sites,monuments,triumphal_archs",41.89282989501953,12.484735488891602,3,3,Q162353,way/49824161,OpenTripMap
R1841080,Roman Forum,roman forum,Rome,Italy,"historic,archaeology,interesting_places,other_archaeological_sites",41.8917236328125,12.486671447753906,3,3,Q180212,relation/1841080,OpenTripMap
N1447566608,Rostra ad Divi Iulii,rostra ad divi iulii,Rome,Italy,"religion,architecture,historic_architecture,other_temples,historic,archaeology,interesting_places,destroyed_objects,other_archaeological_sites",41.89219284057617,12.485760688781738,3,3,Q426372,node/1447566608,OpenTripMap
W130920751,Chiesa di San Macuto,chiesa di san macuto,Rome,Italy,"religion,churches,interesting_places,catholic_churches",41.89930725097656,12.479238510131836,7,7,Q676902,way/130920751,OpenTripMap
R1841088,Temple of Divus Iulius,temple of divus iulius,Rome,Italy,"religion,other_temples,historic,archaeology,interesting_places,other_archaeological_sites",41.89203643798828,12.486028671264648,3,3,Q1133288,relation/1841088,OpenTripMap
Q2047605,Palazzo Ruspoli,palazzo ruspoli,Rome,Italy,"palaces,architecture,historic_architecture,interesting_places",41.90416717529297,12.478694915771484,3,3,Q2047605,,OpenTripMap
W28677769,Piazza di San Macuto,piazza di san macuto,Rome,Italy,"religion,churches,urban_environment,cultural,interesting_places,squares,other_churches",41.899009704589844,12.479342460632324,7,7,Q676902,way/28677769,OpenTripMap
Q3360875,Palazzo Grazioli,palazzo grazioli,Rome,Italy,"palaces,architecture,historic_architecture,interesting_places",41.89666748046875,12.480555534362793,3,3,Q3360875,,OpenTripMap
Q3668435,Santi Sergio e Bacco al Foro Romano,santi sergio e bacco al foro romano,Rome,Italy,"religion,architecture,historic_architecture,churches,interesting_places,destroyed_objects,other_churches",41.89277648925781,12.48466682434082,3,3,Q3668435,,OpenTripMap
N1391514187,"""talking"" statue Madama Lucrezia","""talking"" statue madama lucrezia",Rome,Italy,"historic,monuments_and_memorials,urban_environment,cultural,interesting_places,sculptures,monuments",41.89567565917969,12.481311798095703,3,3,Q1115154,node/1391514187,OpenTripMap
Q56705216,Palazzo Ferrini Cini,palazzo ferrini cini,Rome,Italy,"palaces,architecture,historic_architecture,interesting_places",41.90003204345703,12.478922843933105,3,3,Q56705216,,OpenTripMap
Q93444184,Fontana della Pigna,fontana della pigna,Rome,Italy,"fountains,historic,cultural,urban_environment,monuments_and_memorials,interesting_places,sculptures,monuments",41.895389556884766,12.481555938720703,3,3,Q93444184,,OpenTripMap
Q16676039,Senaculum,senaculum,Rome,Italy,"historic,monuments_and_memorials,interesting_places,monuments",41.892860412597656,12.484516143798828,3,3,Q16676039,,OpenTripMap
Q2901274,Biblioteca Casanatense,biblioteca casanatense,Rome,Italy,"other,unclassified_objects,interesting_places,historic_object",41.89814758300781,12.479639053344727,7,7,Q2901274,,OpenTripMap
N5296423362,Winged Victory,winged victory,Rome,Italy,"urban_environment,cultural,interesting_places,sculptures",41.89445877075195,12.482450485229492,7,7,Q506234,node/5296423362,OpenTripMap
Q781417,Palazzo Montecitorio,palazzo montecitorio,Rome,Italy,"palaces,architecture,historic_architecture,interesting_places",41.90106201171875,12.478650093078613,3,3,Q781417,,OpenTripMap
Q1671649,Vulcanal,vulcanal,Rome,Italy,"religion,other_temples,historic,archaeology,interesting_places,other_archaeological_sites",41.89277648925781,12.484588623046875,3,3,Q1671649,,OpenTripMap
Q2155879,Porticus margaritaria,porticus margaritaria,Rome,Italy,"historic,archaeology,interesting_places,other_archaeological_sites",41.891109466552734,12.487777709960938,3,3,Q2155879,,OpenTripMap
N6499298187,Museo di Storia della Medicina,museo di storia della medicina,Rome,Italy,"cultural,museums,interesting_places,other_museums",41.90486145019531,12.514115333557129,7,7,Q22161863,node/6499298187,OpenTripMap
W131557342,Umbilicus Urbis Romae,umbilicus urbis romae,Rome,Italy,"architecture,historic_architecture,historic,archaeology,interesting_places,destroyed_objects,other_archaeological_sites",41.89274978637695,12.48458480834961,3,3,Q205840,way/131557342,OpenTripMap
W942444158,Fontana di Marforio,fontana di marforio,Rome,Italy,"fountains,historic,monuments_and_memorials,urban_environment,cultural,interesting_places,sculptures,monuments",41.89372253417969,12.483230590820312,3,3,Q831467,way/942444158,OpenTripMap
Q635182,equestrian statue of Domitian,equestrian statue of domitian,Rome,Italy,"historic,cultural,urban_environment,monuments_and_memorials,interesting_places,sculptures,monuments",41.89229965209961,12.485300064086914,3,3,Q635182,,OpenTripMap
W629809742,Obelisk of Montecitorio,obelisk of montecitorio,Rome,Italy,"historic,monuments_and_memorials,urban_environment,cultural,interesting_places,sculptures,monuments",41.90068054199219,12.478665351867676,3,3,Q740755,way/629809742,OpenTripMap
W131557332,Ara di Saturno,ara di saturno,Rome,Italy,"religion,other_temples,interesting_places",41.892765045166016,12.484519958496094,3,3,Q25053611,way/131557332,OpenTripMap
W130807638,Chiesa di Santa Marta al Collegio Romano,chiesa di santa marta al collegio romano,Rome,Italy,"religion,churches,interesting_places,catholic_churches",41.897396087646484,12.47995662689209,3,3,Q3674173,way/130807638,OpenTripMap
Q3859478,San Clemente Mithraeum,san clemente mithraeum,Rome,Italy,"religion,other_temples,interesting_places",41.88944625854492,12.4975004196167,3,3,Q3859478,,OpenTripMap
R1849832,Piazza del Foro,piazza del foro,Rome,Italy,"architecture,historic_architecture,historic,archaeology,interesting_places,destroyed_objects,other_archaeological_sites",41.892391204833984,12.485095024108887,3,3,Q180212,relation/1849832,OpenTripMap
N4758761431,Babuino,babuino,Rome,Italy,"fountains,historic,monuments_and_memorials,urban_environment,cultural,interesting_places,sculptures,monuments",41.90776443481445,12.479684829711914,3,3,Q1085738,node/4758761431,OpenTripMap
R1835448,Meta sudans,meta sudans,Rome,Italy,"architecture,historic,urban_environment,archaeology,other_archaeological_sites,fountains,historic_architecture,monuments_and_memorials,cultural,interesting_places,destroyed_objects,sculptures,monuments",41.89008331298828,12.490678787231445,3,3,Q1924755,relation/1835448,OpenTripMap
R1767601,Tempio della Concordia,tempio della concordia,Rome,Italy,"religion,other_temples,historic,archaeology,interesting_places,other_archaeological_sites",41.89292526245117,12.484201431274414,3,3,Q828143,relation/1767601,OpenTripMap
N5728348326,Lupa capitolina,lupa capitolina,Rome,Italy,"historic,monuments_and_memorials,urban_environment,cultural,interesting_places,sculptures,monuments",41.89326858520508,12.483717918395996,3,3,Q408623,node/5728348326,OpenTripMap
Q1232467,Lacus Curtius,lacus curtius,Rome,Italy,"historic,monuments_and_memorials,archaeology,interesting_places,other_archaeological_sites,monuments",41.8923454284668,12.485106468200684,3,3,Q1232467,,OpenTripMap
Q1233638,Solarium Augusti,solarium augusti,Rome,Italy,"sundials,other,historic,monuments_and_memorials,archaeology,interesting_places,other_archaeological_sites,monuments",41.90055465698242,12.47861099243164,3,3,Q1233638,,OpenTripMap
Q18287233,Rome,rome,Rome,Italy,"settlements,historic,archaeology,interesting_places",41.8922233581543,12.485278129577637,3,3,Q18287233,,OpenTripMap
W131451776,Column of Phoca,column of phoca,Rome,Italy,"architecture,historic_architecture,historic,monuments_and_memorials,burial_places,urban_environment,cultural,interesting_places,destroyed_objects,other_burial_places,sculptures,monuments",41.8924674987793,12.484853744506836,3,3,Q369075,way/131451776,OpenTripMap
Q7205660,plutei of Trajan,plutei of trajan,Rome,Italy,"historic,cultural,urban_environment,monuments_and_memorials,interesting_places,sculptures,monuments",41.89258575439453,12.484646797180176,3,3,Q7205660,,OpenTripMap
Q951089,Temple of Juno Moneta,temple of juno moneta,Rome,Italy,"religion,other_temples,historic,archaeology,interesting_places,other_archaeological_sites",41.8932991027832,12.483599662780762,3,3,Q951089,,OpenTripMap
W23913953,Arch of Titus,arch of titus,Rome,Italy,"architecture,historic_architecture,historic,monuments_and_memorials,archaeology,interesting_places,other_archaeological_sites,monuments,triumphal_archs",41.89067077636719,12.488576889038086,3,3,Q723887,way/23913953,OpenTripMap
Q56879588,Unione Militare Palace (Rome),unione militare palace (rome),Rome,Italy,"palaces,architecture,historic_architecture,interesting_places",41.90486145019531,12.478528022766113,3,3,Q56879588,,OpenTripMap
